Date,Put Count,Call Count
2019-01-01,43,0
2019-01-02,43,33
2019-01-03,13,36
2019-01-04,12,38
2019-01-05,7,37
2019-01-06,7,37
2019-01-07,14,38
2019-01-08,18,33
2019-01-09,19,28
2019-01-10,22,25
2019-01-11,24,25
2019-01-12,21,23
2019-01-13,21,23
2019-01-14,22,27
2019-01-15,27,26
2019-01-16,28,18
2019-01-17,29,19
2019-01-18,28,22
2019-01-19,23,21
2019-01-20,23,21
2019-01-21,25,23
2019-01-22,23,27
2019-01-23,21,29
2019-01-24,19,28
2019-01-25,17,29
2019-01-26,16,28
2019-01-27,16,28
2019-01-28,20,34
2019-01-29,13,35
2019-01-30,11,37
2019-01-31,19,35
2019-02-01,43,0
2019-02-02,43,0
2019-02-03,43,0
2019-02-04,43,12
2019-02-05,33,13
2019-02-06,33,13
2019-02-07,36,12
2019-02-08,37,15
2019-02-09,31,14
2019-02-10,31,14
2019-02-11,32,18
2019-02-12,28,18
2019-02-13,31,23
2019-02-14,27,23
2019-02-15,23,30
2019-02-16,15,30
2019-02-17,15,30
2019-02-18,16,30
2019-02-19,16,32
2019-02-20,16,33
2019-02-21,18,31
2019-02-22,20,29
2019-02-23,19,26
2019-02-24,19,26
2019-02-25,24,26
2019-02-26,25,22
2019-02-27,28,21
2019-02-28,30,17
2019-03-01,44,0
2019-03-02,44,0
2019-03-03,44,0
2019-03-04,44,0
2019-03-05,44,11
2019-03-06,36,13
2019-03-07,35,11
2019-03-08,34,11
2019-03-09,33,11
2019-03-10,33,11
2019-03-11,36,11
2019-03-12,39,9
2019-03-13,39,8
2019-03-14,37,10
2019-03-15,35,12
2019-03-16,33,11
2019-03-17,33,11
2019-03-18,34,12
2019-03-19,33,13
2019-03-20,32,17
2019-03-21,28,16
2019-03-22,30,21
2019-03-23,25,19
2019-03-24,25,19
2019-03-25,25,26
2019-03-26,19,27
2019-03-27,25,27
2019-03-28,27,23
2019-03-29,43,0
2019-03-30,43,0
2019-03-31,43,0
2019-04-01,43,10
2019-04-02,35,13
2019-04-03,34,12
2019-04-04,34,14
2019-04-05,32,15
2019-04-06,31,13
2019-04-07,31,13
2019-04-08,32,19
2019-04-09,27,20
2019-04-10,27,20
2019-04-11,27,21
2019-04-12,25,20
2019-04-13,25,19
2019-04-14,25,19
2019-04-15,28,19
2019-04-16,34,16
2019-04-17,34,10
2019-04-18,35,13
2019-04-19,32,12
2019-04-20,32,12
2019-04-21,32,12
2019-04-22,32,14
2019-04-23,30,17
2019-04-24,28,24
2019-04-25,26,25
2019-04-26,43,0
2019-04-27,43,0
2019-04-28,43,0
2019-04-29,43,0
2019-04-30,43,19
2019-05-01,24,19
2019-05-02,25,20
2019-05-03,24,21
2019-05-04,22,21
2019-05-05,22,21
2019-05-06,22,25
2019-05-07,19,30
2019-05-08,14,31
2019-05-09,12,37
2019-05-10,6,40
2019-05-11,3,40
2019-05-12,3,40
2019-05-13,5,40
2019-05-14,7,40
2019-05-15,6,38
2019-05-16,9,37
2019-05-17,19,34
2019-05-18,19,24
2019-05-19,19,24
2019-05-20,35,24
2019-05-21,37,9
2019-05-22,37,7
2019-05-23,38,10
2019-05-24,35,9
2019-05-25,35,9
2019-05-26,35,9
2019-05-27,36,10
2019-05-28,37,9
2019-05-29,39,9
2019-05-30,38,8
2019-05-31,44,0
2019-06-01,44,0
2019-06-02,44,0
2019-06-03,44,11
2019-06-04,34,13
2019-06-05,32,12
2019-06-06,32,19
2019-06-07,25,21
2019-06-08,23,21
2019-06-09,23,21
2019-06-10,24,22
2019-06-11,24,21
2019-06-12,25,23
2019-06-13,22,24
2019-06-14,20,31
2019-06-15,13,31
2019-06-16,13,31
2019-06-17,13,37
2019-06-18,8,40
2019-06-19,5,42
2019-06-20,11,42
2019-06-21,14,33
2019-06-22,14,30
2019-06-23,14,30
2019-06-24,15,31
2019-06-25,16,30
2019-06-26,21,28
2019-06-27,25,23
2019-06-28,43,0
2019-06-29,43,0
2019-06-30,43,0
2019-07-01,44,16
2019-07-02,30,16
2019-07-03,33,15
2019-07-04,33,13
2019-07-05,33,19
2019-07-06,26,18
2019-07-07,26,18
2019-07-08,27,33
2019-07-09,13,37
2019-07-10,9,36
2019-07-11,12,35
2019-07-12,15,33
2019-07-13,14,30
2019-07-14,14,30
2019-07-15,15,32
2019-07-16,16,33
2019-07-17,18,30
2019-07-18,19,28
2019-07-19,19,29
2019-07-20,17,27
2019-07-21,17,27
2019-07-22,17,32
2019-07-23,13,32
2019-07-24,13,34
2019-07-25,12,35
2019-07-26,43,0
2019-07-27,43,0
2019-07-28,43,0
2019-07-29,43,33
2019-07-30,12,36
2019-07-31,11,36
2019-08-01,12,36
2019-08-02,13,37
2019-08-03,10,34
2019-08-04,10,34
2019-08-05,14,36
2019-08-06,15,33
2019-08-07,16,30
2019-08-08,20,28
2019-08-09,26,24
2019-08-10,26,18
2019-08-11,26,18
2019-08-12,26,18
2019-08-13,28,24
2019-08-14,23,25
2019-08-15,20,24
2019-08-16,25,26
2019-08-17,23,21
2019-08-18,23,21
2019-08-19,25,21
2019-08-20,28,19
2019-08-21,28,20
2019-08-22,24,26
2019-08-23,18,29
2019-08-24,15,29
2019-08-25,15,29
2019-08-26,22,32
2019-08-27,29,26
2019-08-28,29,17
2019-08-29,29,15
2019-08-30,44,0
2019-08-31,44,0
2019-09-01,44,0
2019-09-02,44,0
2019-09-03,45,13
2019-09-04,33,22
2019-09-05,25,21
2019-09-06,27,20
2019-09-07,26,18
2019-09-08,26,18
2019-09-09,28,20
2019-09-10,26,18
2019-09-11,29,18
2019-09-12,32,18
2019-09-13,29,17
2019-09-14,27,17
2019-09-15,27,17
2019-09-16,27,20
2019-09-17,24,24
2019-09-18,21,24
2019-09-19,21,30
2019-09-20,34,34
2019-09-21,30,14
2019-09-22,30,14
2019-09-23,34,14
2019-09-24,34,10
2019-09-25,34,11
2019-09-26,34,12
2019-09-27,43,0
2019-09-28,43,0
2019-09-29,43,0
2019-09-30,44,15
2019-10-01,30,17
2019-10-02,28,16
2019-10-03,29,18
2019-10-04,27,24
2019-10-05,20,24
2019-10-06,20,24
2019-10-07,23,27
2019-10-08,20,24
2019-10-09,21,26
2019-10-10,20,27
2019-10-11,18,27
2019-10-12,17,27
2019-10-13,17,27
2019-10-14,19,27
2019-10-15,23,25
2019-10-16,27,21
2019-10-17,29,17
2019-10-18,31,15
2019-10-19,31,13
2019-10-20,31,13
2019-10-21,31,13
2019-10-22,34,15
2019-10-23,33,14
2019-10-24,33,14
2019-10-25,34,16
2019-10-26,30,14
2019-10-27,30,14
2019-10-28,30,14
2019-10-29,32,15
2019-10-30,32,13
2019-10-31,35,13
2019-11-01,42,0
2019-11-02,42,0
2019-11-03,42,0
2019-11-04,42,12
2019-11-05,32,15
2019-11-06,29,14
2019-11-07,29,16
2019-11-08,28,20
2019-11-09,23,19
2019-11-10,23,19
2019-11-11,23,24
2019-11-12,18,24
2019-11-13,20,27
2019-11-14,18,30
2019-11-15,17,31
2019-11-16,15,28
2019-11-17,15,28
2019-11-18,15,28
2019-11-19,20,29
2019-11-20,22,26
2019-11-21,22,25
2019-11-22,20,27
2019-11-23,17,26
2019-11-24,17,26
2019-11-25,20,26
2019-11-26,25,22
2019-11-27,26,17
2019-11-28,29,16
2019-11-29,43,0
2019-11-30,43,0
2019-12-01,43,0
2019-12-02,44,15
2019-12-03,29,23
2019-12-04,24,25
2019-12-05,23,27
2019-12-06,19,28
2019-12-07,17,27
2019-12-08,17,27
2019-12-09,17,30
2019-12-10,14,32
2019-12-11,12,35
2019-12-12,11,35
2019-12-13,23,33
2019-12-14,23,21
2019-12-15,23,21
2019-12-16,26,21
2019-12-17,27,19
2019-12-18,28,19
2019-12-19,31,17
2019-12-20,33,15
2019-12-21,31,13
2019-12-22,31,13
2019-12-23,33,13
2019-12-24,33,14
2019-12-25,30,14
2019-12-26,31,15
2019-12-27,43,0
2019-12-28,43,0
2019-12-29,43,0
2019-12-30,43,10
2019-12-31,33,15
2020-01-01,30,16
2020-01-02,32,15
2020-01-03,32,16
2020-01-04,29,15
2020-01-05,29,15
2020-01-06,30,28
2020-01-07,17,28
2020-01-08,16,31
2020-01-09,17,31
2020-01-10,27,27
2020-01-11,27,17
2020-01-12,27,17
2020-01-13,32,17
2020-01-14,38,13
2020-01-15,39,9
2020-01-16,39,7
2020-01-17,39,7
2020-01-18,37,7
2020-01-19,37,7
2020-01-20,38,13
2020-01-21,32,15
2020-01-22,29,23
2020-01-23,21,26
2020-01-24,19,27
2020-01-25,18,26
2020-01-26,18,26
2020-01-27,20,30
2020-01-28,19,30
2020-01-29,19,28
2020-01-30,19,30
2020-01-31,44,0
2020-02-01,44,0
2020-02-02,44,0
2020-02-03,44,32
2020-02-04,14,33
2020-02-05,23,30
2020-02-06,30,21
2020-02-07,33,16
2020-02-08,31,13
2020-02-09,31,13
2020-02-10,32,15
2020-02-11,31,14
2020-02-12,33,13
2020-02-13,34,12
2020-02-14,34,12
2020-02-15,33,11
2020-02-16,33,11
2020-02-17,33,15
2020-02-18,29,21
2020-02-19,24,21
2020-02-20,25,20
2020-02-21,25,19
2020-02-22,25,19
2020-02-23,25,19
2020-02-24,26,29
2020-02-25,16,35
2020-02-26,9,39
2020-02-27,5,39
2020-02-28,45,0
2020-02-29,45,0
2020-03-01,45,0
2020-03-02,45,45
2020-03-03,6,45
2020-03-04,9,39
2020-03-05,12,36
2020-03-06,13,35
2020-03-07,11,34
2020-03-08,11,34
2020-03-09,11,38
2020-03-10,7,38
2020-03-11,8,39
2020-03-12,8,43
2020-03-13,3,45
2020-03-14,0,45
2020-03-15,0,45
2020-03-16,0,45
2020-03-17,0,45
2020-03-18,1,45
2020-03-19,3,44
2020-03-20,6,42
2020-03-21,6,39
2020-03-22,6,39
2020-03-23,6,41
2020-03-24,8,42
2020-03-25,14,39
2020-03-26,27,32
2020-03-27,45,0
2020-03-28,45,0
2020-03-29,45,0
2020-03-30,45,14
2020-03-31,34,16
2020-04-01,32,13
2020-04-02,32,13
2020-04-03,33,15
2020-04-04,31,14
2020-04-05,31,14
2020-04-06,31,14
2020-04-07,33,15
2020-04-08,37,13
2020-04-09,37,8
2020-04-10,37,8
2020-04-11,37,8
2020-04-12,37,8
2020-04-13,38,8
2020-04-14,38,7
2020-04-15,40,8
2020-04-16,39,9
2020-04-17,36,10
2020-04-18,35,10
2020-04-19,35,10
2020-04-20,35,10
2020-04-21,35,11
2020-04-22,34,16
2020-04-23,30,17
2020-04-24,29,19
2020-04-25,26,19
2020-04-26,26,19
2020-04-27,26,20
2020-04-28,25,22
2020-04-29,25,25
2020-04-30,30,25
2020-05-04,46,0
2020-05-05,46,23
2020-05-06,23,29
2020-05-07,17,31
2020-05-08,16,33
2020-05-09,14,32
2020-05-10,14,32
2020-05-11,18,32
2020-05-12,20,33
2020-05-13,21,32
2020-05-14,23,27
2020-05-15,23,25
2020-05-16,22,24
2020-05-17,22,24
2020-05-18,23,29
2020-05-19,20,29
2020-05-20,20,27
2020-05-21,24,26
2020-05-22,24,23
2020-05-23,23,23
2020-05-24,23,23
2020-05-25,23,23
2020-05-26,27,23
2020-05-27,30,19
2020-05-28,37,16
2020-05-29,46,0
2020-05-30,46,0
2020-05-31,46,0
2020-06-01,46,3
2020-06-02,44,3
2020-06-03,44,2
2020-06-04,45,2
2020-06-05,45,2
2020-06-06,44,2
2020-06-07,44,2
2020-06-08,44,4
2020-06-09,43,7
2020-06-10,40,6
2020-06-11,40,15
2020-06-12,31,35
2020-06-13,11,35
2020-06-14,11,35
2020-06-15,13,36
2020-06-16,13,36
2020-06-17,11,36
2020-06-18,10,37
2020-06-19,13,39
2020-06-20,11,35
2020-06-21,11,35
2020-06-22,26,35
2020-06-23,32,20
2020-06-24,37,14
2020-06-25,37,9
2020-06-26,45,0
2020-06-27,45,0
2020-06-28,45,0
2020-06-29,46,8
2020-06-30,38,9
2020-07-01,37,13
2020-07-02,34,13
2020-07-03,34,12
2020-07-04,34,12
2020-07-05,34,12
2020-07-06,37,12
2020-07-07,39,10
2020-07-08,39,12
2020-07-09,36,11
2020-07-10,39,15
2020-07-11,34,12
2020-07-12,34,12
2020-07-13,34,15
2020-07-14,31,23
2020-07-15,23,26
2020-07-16,22,28
2020-07-17,23,26
2020-07-18,23,23
2020-07-19,23,23
2020-07-20,25,24
2020-07-21,31,23
2020-07-22,35,18
2020-07-23,35,16
2020-07-24,33,17
2020-07-25,30,16
2020-07-26,30,16
2020-07-27,31,20
2020-07-28,32,20
2020-07-29,35,17
2020-07-30,34,15
2020-07-31,46,0
2020-08-01,46,0
2020-08-02,46,0
2020-08-03,46,18
2020-08-04,28,21
2020-08-05,28,22
2020-08-06,29,19
2020-08-07,32,17
2020-08-08,32,14
2020-08-09,32,14
2020-08-10,33,15
2020-08-11,32,14
2020-08-12,34,18
2020-08-13,31,17
2020-08-14,30,17
2020-08-15,29,17
2020-08-16,29,17
2020-08-17,30,19
2020-08-18,31,19
2020-08-19,32,18
2020-08-20,31,20
2020-08-21,31,20
2020-08-22,30,16
2020-08-23,30,16
2020-08-24,33,17
2020-08-25,33,17
2020-08-26,32,19
2020-08-27,29,18
2020-08-28,46,0
2020-08-29,46,0
2020-08-30,46,0
2020-08-31,46,28
2020-09-01,18,32
2020-09-02,18,32
2020-09-03,21,32
2020-09-04,19,31
2020-09-05,17,29
2020-09-06,17,29
2020-09-07,18,33
2020-09-08,17,36
2020-09-09,14,36
2020-09-10,11,35
2020-09-11,15,35
2020-09-12,15,31
2020-09-13,15,31
2020-09-14,19,31
2020-09-15,23,27
2020-09-16,25,24
2020-09-17,24,22
2020-09-18,26,25
2020-09-19,23,23
2020-09-20,23,23
2020-09-21,23,28
2020-09-22,19,34
2020-09-23,13,34
2020-09-24,12,41
2020-09-25,45,0
2020-09-26,45,0
2020-09-27,45,0
2020-09-28,45,31
2020-09-29,25,33
2020-09-30,26,23
2020-10-01,32,20
2020-10-02,32,14
2020-10-03,32,14
2020-10-04,32,14
2020-10-05,36,14
2020-10-06,37,10
2020-10-07,38,12
2020-10-08,38,12
2020-10-09,38,9
2020-10-10,38,8
2020-10-11,38,8
2020-10-12,39,9
2020-10-13,38,11
2020-10-14,36,15
2020-10-15,34,17
2020-10-16,31,23
2020-10-17,23,23
2020-10-18,23,23
2020-10-19,23,24
2020-10-20,23,29
2020-10-21,23,31
2020-10-22,22,27
2020-10-23,22,27
2020-10-24,20,26
2020-10-25,20,26
2020-10-26,21,32
2020-10-27,19,32
2020-10-28,19,30
2020-10-29,17,34
2020-10-30,46,0
2020-10-31,46,0
2020-11-01,46,0
2020-11-02,46,34
2020-11-03,18,35
2020-11-04,17,29
2020-11-05,29,29
2020-11-06,33,17
2020-11-07,33,13
2020-11-08,33,13
2020-11-09,39,14
2020-11-10,40,10
2020-11-11,39,9
2020-11-12,39,8
2020-11-13,39,7
2020-11-14,39,7
2020-11-15,39,7
2020-11-16,39,7
2020-11-17,41,7
2020-11-18,41,5
2020-11-19,42,6
2020-11-20,42,9
2020-11-21,38,8
2020-11-22,38,8
2020-11-23,38,11
2020-11-24,38,11
2020-11-25,38,11
2020-11-26,35,20
2020-11-27,46,0
2020-11-28,46,0
2020-11-29,46,0
2020-11-30,46,0
2020-12-01,46,18
2020-12-02,34,18
2020-12-03,36,12
2020-12-04,37,10
2020-12-05,37,9
2020-12-06,37,9
2020-12-07,41,9
2020-12-08,41,6
2020-12-09,41,8
2020-12-10,40,14
2020-12-11,33,15
2020-12-12,31,15
2020-12-13,31,15
2020-12-14,32,16
2020-12-15,32,18
2020-12-16,30,18
2020-12-17,31,18
2020-12-18,33,22
2020-12-19,27,19
2020-12-20,27,19
2020-12-21,27,37
2020-12-22,11,40
2020-12-23,13,39
2020-12-24,19,34
2020-12-25,19,27
2020-12-26,19,27
2020-12-27,19,27
2020-12-28,25,27
2020-12-29,31,22
2020-12-30,33,16
2020-12-31,34,14
2021-01-01,46,0
2021-01-02,46,0
2021-01-03,46,0
2021-01-04,46,7
2021-01-05,39,8
2021-01-06,41,8
2021-01-07,41,7
2021-01-08,42,8
2021-01-09,41,5
2021-01-10,41,5
2021-01-11,42,6
2021-01-12,41,6
2021-01-13,40,7
2021-01-14,40,9
2021-01-15,38,15
2021-01-16,31,15
2021-01-17,31,15
2021-01-18,31,29
2021-01-19,19,29
2021-01-20,20,27
2021-01-21,25,28
2021-01-22,25,29
2021-01-23,19,27
2021-01-24,19,27
2021-01-25,21,32
2021-01-26,16,30
2021-01-27,16,33
2021-01-28,13,39
2021-01-29,45,0
2021-01-30,45,0
2021-01-31,45,0
2021-02-01,45,33
2021-02-02,22,33
2021-02-03,31,24
2021-02-04,33,15
2021-02-05,34,13
2021-02-06,34,12
2021-02-07,34,12
2021-02-08,37,12
2021-02-09,40,9
2021-02-10,41,7
2021-02-11,40,7
2021-02-12,39,8
2021-02-13,38,8
2021-02-14,38,8
2021-02-15,38,8
2021-02-16,39,9
2021-02-17,38,11
2021-02-18,36,14
2021-02-19,33,22
2021-02-20,24,22
2021-02-21,24,22
2021-02-22,24,32
2021-02-23,16,35
2021-02-24,16,33
2021-02-25,19,31
2021-02-26,46,0
2021-02-27,46,0
2021-02-28,46,0
2021-03-01,46,32
2021-03-02,17,32
2021-03-03,22,29
2021-03-04,31,25
2021-03-05,30,20
2021-03-06,26,20
2021-03-07,26,20
2021-03-08,30,20
2021-03-09,30,20
2021-03-10,26,20
2021-03-11,26,20
2021-03-12,30,22
2021-03-13,28,18
2021-03-14,28,18
2021-03-15,28,23
2021-03-16,23,25
2021-03-17,22,31
2021-03-18,17,34
2021-03-19,14,39
2021-03-20,8,38
2021-03-21,8,38
2021-03-22,11,38
2021-03-23,18,35
2021-03-24,19,29
2021-03-25,18,33
2021-03-26,46,0
2021-03-27,46,0
2021-03-28,46,0
2021-03-29,46,0
2021-03-30,46,27
2021-03-31,22,27
2021-04-01,29,24
2021-04-02,29,17
2021-04-03,29,17
2021-04-04,29,17
2021-04-05,31,19
2021-04-06,30,17
2021-04-07,34,17
2021-04-08,36,13
2021-04-09,36,11
2021-04-10,35,11
2021-04-11,35,11
2021-04-12,35,24
2021-04-13,23,29
2021-04-14,18,28
2021-04-15,20,32
2021-04-16,18,31
2021-04-17,17,29
2021-04-18,17,29
2021-04-19,18,33
2021-04-20,15,35
2021-04-21,12,34
2021-04-22,13,34
2021-04-23,15,36
2021-04-24,12,34
2021-04-25,12,34
2021-04-26,17,35
2021-04-27,20,31
2021-04-28,24,27
2021-04-29,28,22
2021-04-30,46,0
2021-05-01,46,0
2021-05-02,46,0
2021-05-03,46,19
2021-05-04,28,20
2021-05-05,27,19
2021-05-06,29,20
2021-05-07,31,18
2021-05-08,31,15
2021-05-09,31,15
2021-05-10,33,15
2021-05-11,33,15
2021-05-12,31,18
2021-05-13,28,18
2021-05-14,33,26
2021-05-15,25,21
2021-05-16,25,21
2021-05-17,26,23
2021-05-18,29,23
2021-05-19,30,19
2021-05-20,30,18
2021-05-21,29,18
2021-05-22,28,18
2021-05-23,28,18
2021-05-24,30,20
2021-05-25,30,19
2021-05-26,29,17
2021-05-27,29,18
2021-05-28,46,0
2021-05-29,46,0
2021-05-30,46,0
2021-05-31,46,16
2021-06-01,31,17
2021-06-02,32,17
2021-06-03,33,17
2021-06-04,35,16
2021-06-05,34,12
2021-06-06,34,12
2021-06-07,37,12
2021-06-08,38,13
2021-06-09,37,17
2021-06-10,34,17
2021-06-11,32,15
2021-06-12,32,14
2021-06-13,32,14
2021-06-14,32,18
2021-06-15,30,18
2021-06-16,33,21
2021-06-17,28,28
2021-06-18,19,35
2021-06-19,12,34
2021-06-20,12,34
2021-06-21,13,35
2021-06-22,21,35
2021-06-23,22,27
2021-06-24,22,25
2021-06-25,46,0
2021-06-26,46,0
2021-06-27,46,0
2021-06-28,46,19
2021-06-29,29,20
2021-06-30,30,21
2021-07-01,27,25
2021-07-02,21,27
2021-07-03,19,27
2021-07-04,19,27
2021-07-05,23,27
2021-07-06,27,26
2021-07-07,28,23
2021-07-08,28,23
2021-07-09,25,24
2021-07-10,23,23
2021-07-11,23,23
2021-07-12,23,24
2021-07-13,24,24
2021-07-14,29,22
2021-07-15,30,19
2021-07-16,30,18
2021-07-17,30,16
2021-07-18,30,16
2021-07-19,31,26
2021-07-20,22,28
2021-07-21,19,27
2021-07-22,20,28
2021-07-23,25,28
2021-07-24,24,22
2021-07-25,24,22
2021-07-26,28,23
2021-07-27,29,21
2021-07-28,27,29
2021-07-29,20,32
2021-07-30,46,0
2021-07-31,46,0
2021-08-01,46,0
2021-08-02,46,22
2021-08-03,32,22
2021-08-04,38,14
2021-08-05,40,9
2021-08-06,40,7
2021-08-07,40,6
2021-08-08,40,6
2021-08-09,40,11
2021-08-10,36,16
2021-08-11,31,21
2021-08-12,26,22
2021-08-13,27,21
2021-08-14,27,19
2021-08-15,27,19
2021-08-16,31,20
2021-08-17,30,22
2021-08-18,28,23
2021-08-19,27,19
2021-08-20,28,27
2021-08-21,20,26
2021-08-22,20,26
2021-08-23,20,29
2021-08-24,17,30
2021-08-25,19,30
2021-08-26,19,29
2021-08-27,46,0
2021-08-28,46,0
2021-08-29,46,0
2021-08-30,46,22
2021-08-31,33,23
2021-09-01,35,14
2021-09-02,39,12
2021-09-03,40,8
2021-09-04,40,6
2021-09-05,40,6
2021-09-06,43,7
2021-09-07,43,4
2021-09-08,43,6
2021-09-09,40,7
2021-09-10,39,7
2021-09-11,39,7
2021-09-12,39,7
2021-09-13,39,11
2021-09-14,37,11
2021-09-15,38,10
2021-09-16,38,11
2021-09-17,39,13
2021-09-18,36,10
2021-09-19,36,10
2021-09-20,37,26
2021-09-21,22,31
2021-09-22,19,31
2021-09-23,24,28
2021-09-24,28,22
2021-09-25,28,18
2021-09-26,28,18
2021-09-27,31,25
2021-09-28,25,26
2021-09-29,24,31
2021-09-30,20,30
2021-10-01,46,0
2021-10-02,46,0
2021-10-03,46,0
2021-10-04,46,28
2021-10-05,20,29
2021-10-06,21,28
2021-10-07,21,27
2021-10-08,20,26
2021-10-09,20,26
2021-10-10,20,26
2021-10-11,22,27
2021-10-12,26,26
2021-10-13,31,22
2021-10-14,35,17
2021-10-15,34,12
2021-10-16,34,12
2021-10-17,34,12
2021-10-18,35,12
2021-10-19,37,15
2021-10-20,34,24
2021-10-21,23,26
2021-10-22,20,31
2021-10-23,15,31
2021-10-24,15,31
2021-10-25,15,36
2021-10-26,10,37
2021-10-27,12,38
2021-10-28,15,37
2021-10-29,46,0
2021-10-30,46,0
2021-10-31,46,0
2021-11-01,46,37
2021-11-02,15,37
2021-11-03,17,31
2021-11-04,17,29
2021-11-05,17,29
2021-11-06,17,29
2021-11-07,17,29
2021-11-08,21,30
2021-11-09,24,27
2021-11-10,23,23
2021-11-11,23,23
2021-11-12,25,24
2021-11-13,24,22
2021-11-14,24,22
2021-11-15,31,22
2021-11-16,32,17
2021-11-17,30,20
2021-11-18,26,27
2021-11-19,19,27
2021-11-20,19,27
2021-11-21,19,27
2021-11-22,20,38
2021-11-23,11,37
2021-11-24,13,39
2021-11-25,10,38
2021-11-26,46,0
2021-11-27,46,0
2021-11-28,46,0
2021-11-29,46,38
2021-11-30,10,39
2021-12-01,11,37
2021-12-02,17,35
2021-12-03,22,29
2021-12-04,22,24
2021-12-05,22,24
2021-12-06,23,31
2021-12-07,17,30
2021-12-08,29,29
2021-12-09,36,17
2021-12-10,37,10
2021-12-11,37,9
2021-12-12,37,9
2021-12-13,38,10
2021-12-14,37,11
2021-12-15,36,13
2021-12-16,34,15
2021-12-17,31,27
2021-12-18,19,27
2021-12-19,19,27
2021-12-20,19,39
2021-12-21,7,39
2021-12-22,8,40
2021-12-23,10,39
2021-12-24,12,36
2021-12-25,12,34
2021-12-26,12,34
2021-12-27,14,34
2021-12-28,19,32
2021-12-29,25,27
2021-12-30,26,21
2021-12-31,46,0
2022-01-01,46,0
2022-01-02,46,0
2022-01-03,46,10
2022-01-04,43,11
2022-01-05,43,5
2022-01-06,42,7
2022-01-07,39,9
2022-01-08,37,9
2022-01-09,37,9
2022-01-10,38,10
2022-01-11,39,9
2022-01-12,39,7
2022-01-13,41,9
2022-01-14,39,10
2022-01-15,36,10
2022-01-16,36,10
2022-01-17,38,15
2022-01-18,33,17
2022-01-19,29,27
2022-01-20,19,35
2022-01-21,12,40
2022-01-22,7,39
2022-01-23,7,39
2022-01-24,8,44
2022-01-25,6,44
2022-01-26,5,41
2022-01-27,7,41
2022-01-28,46,0
2022-01-29,46,0
2022-01-30,46,0
2022-01-31,46,32
2022-02-01,21,32
2022-02-02,34,25
2022-02-03,35,12
2022-02-04,36,12
2022-02-05,35,11
2022-02-06,35,11
2022-02-07,36,16
2022-02-08,31,22
2022-02-09,27,22
2022-02-10,29,19
2022-02-11,29,18
2022-02-12,28,18
2022-02-13,28,18
2022-02-14,29,30
2022-02-15,20,35
2022-02-16,19,32
2022-02-17,21,27
2022-02-18,21,27
2022-02-19,19,27
2022-02-20,19,27
2022-02-21,20,29
2022-02-22,18,35
2022-02-23,13,35
2022-02-24,13,44
2022-02-25,46,0
2022-02-26,46,0
2022-02-27,46,0
2022-02-28,46,38
2022-03-01,8,38
2022-03-02,10,38
2022-03-03,16,36
2022-03-04,17,33
2022-03-05,14,32
2022-03-06,14,32
2022-03-07,14,33
2022-03-08,16,33
2022-03-09,17,30
2022-03-10,25,29
2022-03-11,26,21
2022-03-12,26,20
2022-03-13,26,20
2022-03-14,32,20
2022-03-15,38,17
2022-03-16,41,11
2022-03-17,43,6
2022-03-18,42,4
2022-03-19,42,4
2022-03-20,42,4
2022-03-21,43,5
2022-03-22,42,4
2022-03-23,42,6
2022-03-24,41,6
2022-03-25,41,7
2022-03-26,39,7
2022-03-27,39,7
2022-03-28,39,12
2022-03-29,34,13
2022-03-30,34,16
2022-03-31,31,17
2022-04-01,46,0
2022-04-02,46,0
2022-04-03,46,0
2022-04-04,46,16
2022-04-05,33,17
2022-04-06,35,15
2022-04-07,35,17
2022-04-08,33,16
2022-04-09,33,13
2022-04-10,33,13
2022-04-11,33,15
2022-04-12,31,22
2022-04-13,25,24
2022-04-14,23,23
2022-04-15,23,23
2022-04-16,23,23
2022-04-17,23,23
2022-04-18,24,29
2022-04-19,24,37
2022-04-20,16,32
2022-04-21,18,32
2022-04-22,18,32
2022-04-23,15,31
2022-04-24,15,31
2022-04-25,15,36
2022-04-26,13,36
2022-04-27,14,35
2022-04-28,15,34
2022-04-29,46,0
2022-04-30,46,0
2022-05-01,46,0
2022-05-02,46,25
2022-05-03,21,25
2022-05-04,23,33
2022-05-05,16,34
2022-05-06,13,39
2022-05-07,7,39
2022-05-08,7,39
2022-05-09,9,39
2022-05-10,9,38
2022-05-11,8,42
2022-05-12,4,44
2022-05-13,2,44
2022-05-14,2,44
2022-05-15,2,44
2022-05-16,4,44
2022-05-17,12,42
2022-05-18,26,34
2022-05-19,26,25
2022-05-20,26,25
2022-05-21,26,20
2022-05-22,26,20
2022-05-23,32,20
2022-05-24,32,17
2022-05-25,31,22
2022-05-26,26,21
2022-05-27,46,0
2022-05-28,46,0
2022-05-29,46,0
2022-05-30,46,16
2022-05-31,30,18
2022-06-01,29,19
2022-06-02,29,18
2022-06-03,32,17
2022-06-04,32,14
2022-06-05,32,14
2022-06-06,32,22
2022-06-07,25,30
2022-06-08,17,31
2022-06-09,16,32
2022-06-10,15,37
2022-06-11,9,37
2022-06-12,9,37
2022-06-13,9,42
2022-06-14,5,43
2022-06-15,4,42
2022-06-16,7,44
2022-06-17,5,44
2022-06-18,2,44
2022-06-19,2,44
2022-06-20,2,44
2022-06-21,6,44
2022-06-22,7,40
2022-06-23,14,39
2022-06-24,22,32
2022-06-25,22,24
2022-06-26,22,24
2022-06-27,31,24
2022-06-28,34,15
2022-06-29,39,13
2022-06-30,38,10
2022-07-01,46,0
2022-07-02,46,0
2022-07-03,46,0
2022-07-04,46,15
2022-07-05,34,15
2022-07-06,35,13
2022-07-07,39,12
2022-07-08,40,7
2022-07-09,40,6
2022-07-10,40,6
2022-07-11,41,8
2022-07-12,39,10
2022-07-13,37,13
2022-07-14,34,15
2022-07-15,34,19
2022-07-16,30,16
2022-07-17,30,16
2022-07-18,34,17
2022-07-19,34,15
2022-07-20,35,14
2022-07-21,37,12
2022-07-22,39,10
2022-07-23,39,7
2022-07-24,39,7
2022-07-25,39,10
2022-07-26,36,17
2022-07-27,30,19
2022-07-28,32,19
2022-07-29,46,0
2022-07-30,46,0
2022-07-31,46,0
2022-08-01,46,4
2022-08-02,43,8
2022-08-03,39,9
2022-08-04,39,14
2022-08-05,35,13
2022-08-06,34,12
2022-08-07,34,12
2022-08-08,37,14
2022-08-09,35,11
2022-08-10,38,14
2022-08-11,36,12
2022-08-12,36,15
2022-08-13,32,14
2022-08-14,32,14
2022-08-15,32,14
2022-08-16,37,16
2022-08-17,37,12
2022-08-18,38,12
2022-08-19,37,13
2022-08-20,34,12
2022-08-21,34,12
2022-08-22,35,27
2022-08-23,20,33
2022-08-24,14,34
2022-08-25,17,34
2022-08-26,46,0
2022-08-27,46,0
2022-08-28,46,0
2022-08-29,46,38
2022-08-30,17,38
2022-08-31,17,29
2022-09-01,21,29
2022-09-02,22,27
2022-09-03,20,26
2022-09-04,20,26
2022-09-05,22,28
2022-09-06,21,27
2022-09-07,22,27
2022-09-08,26,25
2022-09-09,33,20
2022-09-10,33,13
2022-09-11,33,13
2022-09-12,34,14
2022-09-13,36,13
2022-09-14,39,11
2022-09-15,38,11
2022-09-16,35,25
2022-09-17,21,25
2022-09-18,21,25
2022-09-19,21,30
2022-09-20,20,30
2022-09-21,22,30
2022-09-22,19,34
2022-09-23,13,35
2022-09-24,11,35
2022-09-25,11,35
2022-09-26,13,41
2022-09-27,7,39
2022-09-28,9,39
2022-09-29,9,37
2022-09-30,45,0
2022-10-01,45,0
2022-10-02,45,0
2022-10-03,45,34
2022-10-04,19,34
2022-10-05,19,26
2022-10-06,28,27
2022-10-07,31,19
2022-10-08,30,15
2022-10-09,30,15
2022-10-10,32,18
2022-10-11,31,21
2022-10-12,26,21
2022-10-13,25,23
2022-10-14,25,22
2022-10-15,25,20
2022-10-16,25,20
2022-10-17,26,21
2022-10-18,30,20
2022-10-19,33,15
2022-10-20,35,16
2022-10-21,33,16
2022-10-22,31,14
2022-10-23,31,14
2022-10-24,31,14
2022-10-25,35,17
2022-10-26,32,13
2022-10-27,33,14
2022-10-28,45,0
2022-10-29,45,0
2022-10-30,45,0
2022-10-31,45,11
2022-11-01,39,12
2022-11-02,39,8
2022-11-03,39,9
2022-11-04,38,13
2022-11-05,33,12
2022-11-06,33,12
2022-11-07,34,15
2022-11-08,31,14
2022-11-09,31,14
2022-11-10,31,22
2022-11-11,26,23
2022-11-12,25,20
2022-11-13,25,20
2022-11-14,25,25
2022-11-15,21,27
2022-11-16,21,28
2022-11-17,21,27
2022-11-18,20,27
2022-11-19,18,27
2022-11-20,18,27
2022-11-21,18,32
2022-11-22,15,32
2022-11-23,16,31
2022-11-24,19,30
2022-11-25,45,0
2022-11-26,45,0
2022-11-27,45,0
2022-11-28,45,25
2022-11-29,26,26
2022-11-30,31,20
2022-12-01,33,14
2022-12-02,34,13
2022-12-03,33,12
2022-12-04,33,12
2022-12-05,34,13
2022-12-06,33,15
2022-12-07,30,18
2022-12-08,27,19
2022-12-09,29,26
2022-12-10,22,23
2022-12-11,22,23
2022-12-12,23,27
2022-12-13,20,27
2022-12-14,23,28
2022-12-15,23,26
2022-12-16,21,36
2022-12-17,9,36
2022-12-18,9,36
2022-12-19,11,36
2022-12-20,12,37
2022-12-21,10,41
2022-12-22,8,43
2022-12-23,6,41
2022-12-24,5,40
2022-12-25,5,40
2022-12-26,5,40
2022-12-27,8,40
2022-12-28,17,38
2022-12-29,20,31
2022-12-30,45,0
2022-12-31,45,0
2023-01-01,45,0
2023-01-02,45,18
2023-01-03,28,18
2023-01-04,29,20
2023-01-05,27,25
2023-01-06,27,27
2023-01-07,24,21
2023-01-08,24,21
2023-01-09,28,24
2023-01-10,27,21
2023-01-11,27,23
2023-01-12,23,28
2023-01-13,20,28
2023-01-14,20,25
2023-01-15,20,25
2023-01-16,22,25
2023-01-17,22,24
2023-01-18,23,24
2023-01-19,25,23
2023-01-20,25,26
2023-01-21,20,25
2023-01-22,20,25
2023-01-23,22,29
2023-01-24,20,29
2023-01-25,18,29
2023-01-26,16,29
2023-01-27,45,0
2023-01-28,45,0
2023-01-29,45,0
2023-01-30,45,32
2023-01-31,15,35
2023-02-01,21,37
2023-02-02,21,31
2023-02-03,21,29
2023-02-04,19,26
2023-02-05,19,26
2023-02-06,21,27
2023-02-07,23,25
2023-02-08,27,24
2023-02-09,27,20
2023-02-10,27,19
2023-02-11,26,19
2023-02-12,26,19
2023-02-13,29,19
2023-02-14,30,17
2023-02-15,30,18
2023-02-16,29,17
2023-02-17,29,18
2023-02-18,27,18
2023-02-19,27,18
2023-02-20,27,19
2023-02-21,28,24
2023-02-22,24,31
2023-02-23,15,33
2023-02-24,45,0
2023-02-25,45,0
2023-02-26,45,0
2023-02-27,45,35
2023-02-28,10,35
2023-03-01,11,35
2023-03-02,13,34
2023-03-03,17,33
2023-03-04,16,29
2023-03-05,16,29
2023-03-06,22,29
2023-03-07,22,23
2023-03-08,26,26
2023-03-09,26,23
2023-03-10,25,26
2023-03-11,19,26
2023-03-12,19,26
2023-03-13,21,31
2023-03-14,16,36
2023-03-15,11,36
2023-03-16,14,35
2023-03-17,15,34
2023-03-18,13,32
2023-03-19,13,32
2023-03-20,14,33
2023-03-21,14,33
2023-03-22,20,34
2023-03-23,20,29
2023-03-24,18,27
2023-03-25,18,27
2023-03-26,18,27
2023-03-27,21,28
2023-03-28,21,27
2023-03-29,23,28
2023-03-30,21,24
2023-03-31,45,0
2023-04-01,45,0
2023-04-02,45,0
2023-04-03,45,12
2023-04-04,33,12
2023-04-05,37,13
2023-04-06,39,9
2023-04-07,39,6
2023-04-08,39,6
2023-04-09,39,6
2023-04-10,40,6
2023-04-11,41,5
2023-04-12,42,4
2023-04-13,44,7
2023-04-14,41,5
2023-04-15,41,5
2023-04-16,41,5
2023-04-17,43,9
2023-04-18,39,12
2023-04-19,34,14
2023-04-20,33,17
2023-04-21,30,20
2023-04-22,26,20
2023-04-23,26,20
2023-04-24,29,24
2023-04-25,27,23
2023-04-26,25,23
2023-04-27,28,23
2023-04-28,46,0
2023-04-29,46,0
2023-04-30,46,0
2023-05-01,46,0
2023-05-02,46,9
2023-05-03,37,10
2023-05-04,36,10
2023-05-05,40,12
2023-05-06,38,8
2023-05-07,38,8
2023-05-08,39,10
2023-05-09,39,10
2023-05-10,41,11
2023-05-11,38,12
2023-05-12,34,17
2023-05-13,29,17
2023-05-14,29,17
2023-05-15,29,18
2023-05-16,29,20
2023-05-17,27,29
2023-05-18,19,34
2023-05-19,15,34
2023-05-20,13,33
2023-05-21,13,33
2023-05-22,17,33
2023-05-23,21,30
2023-05-24,23,29
2023-05-25,22,27
2023-05-26,46,0
2023-05-27,46,0
2023-05-28,46,0
2023-05-29,46,9
2023-05-30,39,9
2023-05-31,40,12
2023-06-01,35,11
2023-06-02,38,11
2023-06-03,38,8
2023-06-04,38,8
2023-06-05,41,8
2023-06-06,41,9
2023-06-07,37,10
2023-06-08,36,11
2023-06-09,35,16
2023-06-10,30,16
2023-06-11,30,16
2023-06-12,30,20
2023-06-13,27,20
2023-06-14,29,20
2023-06-15,30,22
2023-06-16,28,21
2023-06-17,27,19
2023-06-18,27,19
2023-06-19,27,19
2023-06-20,28,21
2023-06-21,27,21
2023-06-22,26,30
2023-06-23,16,34
2023-06-24,12,34
2023-06-25,12,34
2023-06-26,13,38
2023-06-27,13,37
2023-06-28,22,33
2023-06-29,22,24
2023-06-30,46,0
2023-07-01,46,0
2023-07-02,46,0
2023-07-03,46,10
2023-07-04,38,11
2023-07-05,38,9
2023-07-06,41,9
2023-07-07,41,9
2023-07-08,38,8
2023-07-09,38,8
2023-07-10,38,11
2023-07-11,35,13
2023-07-12,33,13
2023-07-13,34,13
2023-07-14,36,13
2023-07-15,35,11
2023-07-16,35,11
2023-07-17,37,11
2023-07-18,39,15
2023-07-19,34,16
2023-07-20,31,17
2023-07-21,30,26
2023-07-22,21,25
2023-07-23,21,25
2023-07-24,23,30
2023-07-25,20,29
2023-07-26,22,28
2023-07-27,23,29
2023-07-28,46,0
2023-07-29,46,0
2023-07-30,46,0
2023-07-31,46,26
2023-08-01,20,26
2023-08-02,21,32
2023-08-03,15,34
2023-08-04,13,35
2023-08-05,12,34
2023-08-06,12,34
2023-08-07,18,35
2023-08-08,18,32
2023-08-09,17,31
2023-08-10,19,29
2023-08-11,20,28
2023-08-12,19,27
2023-08-13,19,27
2023-08-14,21,34
2023-08-15,14,32
2023-08-16,15,36
2023-08-17,11,35
2023-08-18,12,37
2023-08-19,10,36
2023-08-20,10,36
2023-08-21,15,36
2023-08-22,18,31
2023-08-23,22,28
2023-08-24,29,28
2023-08-25,25,24
2023-08-26,22,24
2023-08-27,22,24
2023-08-28,24,24
2023-08-29,27,25
2023-08-30,26,22
2023-08-31,26,25
2023-09-01,46,0
2023-09-02,46,0
2023-09-03,46,0
2023-09-04,46,18
2023-09-05,30,18
2023-09-06,32,18
2023-09-07,34,16
2023-09-08,37,12
2023-09-09,37,9
2023-09-10,37,9
2023-09-11,41,9
2023-09-12,44,8
2023-09-13,41,6
2023-09-14,41,6
2023-09-15,42,6
2023-09-16,41,5
2023-09-17,41,5
2023-09-18,41,6
2023-09-19,40,6
2023-09-20,41,18
2023-09-21,29,27
2023-09-22,20,32
2023-09-23,15,31
2023-09-24,15,31
2023-09-25,19,35
2023-09-26,15,34
2023-09-27,14,35
2023-09-28,15,35
2023-09-29,46,0
2023-09-30,46,0
2023-10-01,46,0
2023-10-02,46,0
2023-10-03,46,36
2023-10-04,11,40
2023-10-05,9,39
2023-10-06,11,37
2023-10-07,11,35
2023-10-08,11,35
2023-10-09,12,35
2023-10-10,21,34
2023-10-11,28,25
2023-10-12,36,20
2023-10-13,35,14
2023-10-14,33,13
2023-10-15,33,13
2023-10-16,37,14
2023-10-17,36,10
2023-10-18,37,13
2023-10-19,34,17
2023-10-20,29,22
2023-10-21,24,22
2023-10-22,24,22
2023-10-23,24,25
2023-10-24,21,25
2023-10-25,21,36
2023-10-26,10,43
2023-10-27,46,0
2023-10-28,46,0
2023-10-29,46,0
2023-10-30,46,40
2023-10-31,8,40
2023-11-01,10,38
2023-11-02,15,36
2023-11-03,23,31
2023-11-04,23,23
2023-11-05,23,23
2023-11-06,32,23
2023-11-07,35,14
2023-11-08,36,11
2023-11-09,38,10
2023-11-10,38,11
2023-11-11,35,11
2023-11-12,35,11
2023-11-13,37,11
2023-11-14,37,9
2023-11-15,41,9
2023-11-16,42,5
2023-11-17,43,7
2023-11-18,40,6
2023-11-19,40,6
2023-11-20,41,7
2023-11-21,40,8
2023-11-22,39,10
2023-11-23,37,15
2023-11-24,31,18
2023-11-25,28,18
2023-11-26,28,18
2023-11-27,28,18
2023-11-28,30,21
2023-11-29,31,22
2023-11-30,33,19
2023-12-01,46,0
2023-12-02,46,0
2023-12-03,46,0
2023-12-04,46,5
2023-12-05,45,5
2023-12-06,45,3
2023-12-07,43,5
2023-12-08,41,11
2023-12-09,35,11
2023-12-10,35,11
2023-12-11,36,12
2023-12-12,36,12
2023-12-13,36,23
2023-12-14,30,23
2023-12-15,33,18
2023-12-16,32,14
2023-12-17,32,14
2023-12-18,34,15
2023-12-19,36,14
2023-12-20,38,23
2023-12-21,26,29
2023-12-22,20,30
2023-12-23,19,27
2023-12-24,19,27
2023-12-25,19,27
2023-12-26,24,27
2023-12-27,31,22
2023-12-28,36,15
2023-12-29,46,0
2023-12-30,46,0
2023-12-31,46,0
2024-01-01,46,8
2024-01-02,38,12
2024-01-03,37,17
2024-01-04,35,17
2024-01-05,32,18
2024-01-06,28,18
2024-01-07,28,18
2024-01-08,29,22
2024-01-09,25,22
2024-01-10,26,27
2024-01-11,22,25
2024-01-12,26,27
2024-01-13,23,23
2024-01-14,23,23
2024-01-15,26,23
2024-01-16,28,21
2024-01-17,27,27
2024-01-18,20,32
2024-01-19,16,31
2024-01-20,16,30
2024-01-21,16,30
2024-01-22,16,30
2024-01-23,22,35
2024-01-24,18,32
2024-01-25,19,31
2024-01-29,46,0
2024-01-30,46,16
2024-01-31,34,18
2024-02-01,32,14
2024-02-02,35,14
2024-02-03,35,11
2024-02-04,35,11
2024-02-05,35,12
2024-02-06,34,13
2024-02-07,34,16
2024-02-08,32,18
2024-02-09,30,20
2024-02-10,27,19
2024-02-11,27,19
2024-02-12,27,23
2024-02-13,23,27
2024-02-14,21,28
2024-02-15,20,26
2024-02-16,22,27
2024-02-17,21,25
2024-02-18,21,25
2024-02-19,28,26
2024-02-20,29,20
2024-02-21,32,23
2024-02-22,29,24
2024-02-23,30,22
2024-02-24,30,16
2024-02-25,30,16
2024-02-26,30,18
2024-02-27,31,22
2024-02-28,28,24
2024-02-29,23,27
2024-03-01,46,0
2024-03-02,46,0
2024-03-03,46,0
2024-03-04,46,20
2024-03-05,28,26
2024-03-06,24,26
2024-03-07,25,24
2024-03-08,25,21
2024-03-09,25,21
2024-03-10,25,21
2024-03-11,30,23
2024-03-12,31,23
2024-03-13,27,34
2024-03-14,14,35
2024-03-15,15,36
2024-03-16,13,33
2024-03-17,13,33
2024-03-18,13,33
2024-03-19,13,37
2024-03-20,12,38
2024-03-21,12,36
2024-03-22,18,35
2024-03-23,18,28
2024-03-24,18,28
2024-03-25,18,28
2024-03-26,23,28
2024-03-27,26,23
2024-03-28,33,20
2024-04-01,46,0
2024-04-02,46,11
2024-04-03,37,12
2024-04-04,39,11
2024-04-05,38,9
2024-04-06,37,9
2024-04-07,37,9
2024-04-08,39,11
2024-04-09,39,9
2024-04-10,41,11
2024-04-11,37,9
2024-04-12,37,17
2024-04-13,29,17
2024-04-14,29,17
2024-04-15,29,25
2024-04-16,21,33
2024-04-17,13,33
2024-04-18,14,34
2024-04-19,13,37
2024-04-20,9,37
2024-04-21,9,37
2024-04-22,13,38
2024-04-23,16,34
2024-04-24,19,32
2024-04-25,27,30
2024-04-26,46,0
2024-04-27,46,0
2024-04-28,46,0
2024-04-29,46,19
2024-04-30,31,19
2024-05-01,31,15
2024-05-02,32,17
2024-05-03,33,18
2024-05-04,31,15
2024-05-05,31,15
2024-05-06,34,18
2024-05-07,32,22
2024-05-08,26,25
2024-05-09,23,32
2024-05-10,15,31
2024-05-11,15,31
2024-05-12,15,31
2024-05-13,16,34
2024-05-14,16,33
2024-05-15,16,30
2024-05-16,22,30
2024-05-17,26,25
2024-05-18,25,21
2024-05-19,25,21
2024-05-20,25,21
2024-05-21,31,22
2024-05-22,32,18
2024-05-23,33,18
2024-05-24,35,15
2024-05-25,35,11
2024-05-26,35,11
2024-05-27,36,12
2024-05-28,35,11
2024-05-29,36,15
2024-05-30,32,22
2024-05-31,46,0
2024-06-01,46,0
2024-06-02,46,0
2024-06-03,46,21
2024-06-04,25,41
2024-06-05,11,41
2024-06-06,19,35
2024-06-07,27,27
2024-06-08,27,19
2024-06-09,27,19
2024-06-10,30,19
2024-06-11,32,16
2024-06-12,34,15
2024-06-13,33,14
2024-06-14,34,14
2024-06-15,34,12
2024-06-16,34,12
2024-06-17,34,12
2024-06-18,36,12
2024-06-19,39,13
2024-06-20,38,10
2024-06-21,39,9
2024-06-22,38,8
2024-06-23,38,8
2024-06-24,38,10
2024-06-25,36,10
2024-06-26,36,11
2024-06-27,35,14
2024-06-28,46,0
2024-06-29,46,0
2024-06-30,46,0
2024-07-01,46,13
2024-07-02,34,18
2024-07-03,30,19
2024-07-04,31,19
2024-07-05,34,17
2024-07-06,33,13
2024-07-07,33,13
2024-07-08,34,17
2024-07-09,32,16
2024-07-10,32,18
2024-07-11,29,19
2024-07-12,32,18
2024-07-13,32,14
2024-07-14,32,14
2024-07-15,35,15
2024-07-16,36,14
2024-07-17,34,12
2024-07-18,34,17
2024-07-19,29,21
2024-07-20,25,21
2024-07-21,25,21
2024-07-22,25,25
2024-07-23,21,25
2024-07-24,25,28
2024-07-25,24,27
