Ticker,Date,EQ_Open,EQ_High,EQ_Low,EQ_Close,EQ_Volume
SHREECEM.EQ-NSE,2019-01-01,17265.9004,17356.25,16656.6992,16997.25,12158.0
SHREECEM.EQ-NSE,2019-01-02,16929.5,17198.0,16772.0,16891.3008,13920.0
SHREECEM.EQ-NSE,2019-01-03,16870.0,17331.4004,16800.0,16850.0,24795.0
SHREECEM.EQ-NSE,2019-01-04,16899.5996,17020.0,16609.4004,16730.4004,30371.0
SHREECEM.EQ-NSE,2019-01-07,16950.0,16984.9004,16800.0996,16900.0,11726.0
SHREECEM.EQ-NSE,2019-01-08,16850.0508,16898.8008,16613.0,16720.0,10869.0
SHREECEM.EQ-NSE,2019-01-09,16875.0,16940.5,16220.2998,16350.0,23591.0
SHREECEM.EQ-NSE,2019-01-10,16439.6992,16600.0,16299.7998,16413.1504,9639.0
SHREECEM.EQ-NSE,2019-01-11,16331.2002,16359.5,15820.0,15999.9004,47927.0
SHREECEM.EQ-NSE,2019-01-14,16000.2002,16017.3496,15401.3496,15499.0,43114.0
SHREECEM.EQ-NSE,2019-01-15,15577.7002,15878.0,15460.1504,15725.0498,23976.0
SHREECEM.EQ-NSE,2019-01-16,15737.8496,15900.0,15651.5996,15879.9502,16295.0
SHREECEM.EQ-NSE,2019-01-17,15880.0,16240.0,15726.2002,15979.0,16695.0
SHREECEM.EQ-NSE,2019-01-18,15900.0,15979.0,15475.0,15540.0,16815.0
SHREECEM.EQ-NSE,2019-01-21,15543.9004,15749.0,15410.0,15620.1504,6876.0
SHREECEM.EQ-NSE,2019-01-22,15611.2998,16199.0,15225.0,15889.9502,97768.0
SHREECEM.EQ-NSE,2019-01-23,15884.9502,16638.5,15820.0498,16070.0,50766.0
SHREECEM.EQ-NSE,2019-01-24,16100.0,16250.0,15611.4004,16235.0,27508.0
SHREECEM.EQ-NSE,2019-01-25,16200.0498,16318.2998,15512.0498,15713.4502,34053.0
SHREECEM.EQ-NSE,2019-01-28,15710.0,15800.0,14951.0996,15049.3496,29234.0
SHREECEM.EQ-NSE,2019-01-29,15050.0,15525.0,14855.0,15487.8496,29585.0
SHREECEM.EQ-NSE,2019-01-30,15462.0,15590.25,15175.2998,15448.0,16633.0
SHREECEM.EQ-NSE,2019-01-31,15499.7998,15912.25,15450.0,15782.9502,36602.0
SHREECEM.EQ-NSE,2019-02-01,15802.0,16140.0,15600.0,15800.0,39167.0
SHREECEM.EQ-NSE,2019-02-04,15703.9004,15988.9004,15527.6504,15870.0,13342.0
SHREECEM.EQ-NSE,2019-02-05,15859.5,15944.0,15600.5,15610.1504,11284.0
SHREECEM.EQ-NSE,2019-02-06,15749.9502,16150.0,15614.0498,16105.0,13123.0
SHREECEM.EQ-NSE,2019-02-07,16096.5996,16388.8496,15999.9004,16260.0,15893.0
SHREECEM.EQ-NSE,2019-02-08,16179.5,16493.1992,15850.0,16255.0,19401.0
SHREECEM.EQ-NSE,2019-02-11,16190.0,16190.0,15825.0996,15920.0498,11514.0
SHREECEM.EQ-NSE,2019-02-12,15950.0,16217.9502,15731.0,15815.0498,14309.0
SHREECEM.EQ-NSE,2019-02-13,15967.1504,15967.1504,15531.5996,15575.0,17167.0
SHREECEM.EQ-NSE,2019-02-14,15575.0,15650.0,15250.0,15565.0,13581.0
SHREECEM.EQ-NSE,2019-02-15,15549.75,15660.0,15077.6504,15588.0,17193.0
SHREECEM.EQ-NSE,2019-02-18,15501.6504,15501.6504,15046.4502,15269.9502,29890.0
SHREECEM.EQ-NSE,2019-02-19,15327.5996,15431.0498,15179.25,15335.0,26427.0
SHREECEM.EQ-NSE,2019-02-20,15389.5996,15844.0,15350.0,15799.9502,28945.0
SHREECEM.EQ-NSE,2019-02-21,15747.9502,16240.5996,15720.0,16047.0,29310.0
SHREECEM.EQ-NSE,2019-02-22,16097.4004,16340.0,15809.5996,16112.0996,11752.0
SHREECEM.EQ-NSE,2019-02-25,16212.0,16620.0,16172.0498,16490.0,19108.0
SHREECEM.EQ-NSE,2019-02-26,16357.6504,16926.6992,16311.2002,16699.9492,33079.0
SHREECEM.EQ-NSE,2019-02-27,16774.8008,17155.0996,16519.9492,16750.0,34911.0
SHREECEM.EQ-NSE,2019-02-28,16919.6504,16948.9492,16434.3496,16525.0,24549.0
SHREECEM.EQ-NSE,2019-03-01,16600.0,16835.6504,16562.0508,16671.1992,27078.0
SHREECEM.EQ-NSE,2019-03-05,16758.9492,17377.0,16687.3496,17250.0,31469.0
SHREECEM.EQ-NSE,2019-03-06,17249.8496,17644.4492,17160.0508,17447.5996,29989.0
SHREECEM.EQ-NSE,2019-03-07,17525.0,17696.9004,17290.5508,17400.0,27335.0
SHREECEM.EQ-NSE,2019-03-08,17450.1504,17669.9004,17350.0,17635.0,15151.0
SHREECEM.EQ-NSE,2019-03-11,17680.0,18094.9004,17637.25,17980.0,33345.0
SHREECEM.EQ-NSE,2019-03-12,18118.0,18216.9492,17960.5,18005.0,19936.0
SHREECEM.EQ-NSE,2019-03-13,18047.6992,18050.0,17779.75,17823.0508,20074.0
SHREECEM.EQ-NSE,2019-03-14,17889.9492,17979.0,17601.4004,17670.0,20693.0
SHREECEM.EQ-NSE,2019-03-15,17689.5508,17856.0996,17451.4004,17569.1992,33532.0
SHREECEM.EQ-NSE,2019-03-18,17689.9004,17874.0,17607.0508,17780.0996,21070.0
SHREECEM.EQ-NSE,2019-03-19,17750.0,18184.8496,17725.0508,18080.0,22554.0
SHREECEM.EQ-NSE,2019-03-20,18049.75,18099.0,17915.0996,18002.0508,10496.0
SHREECEM.EQ-NSE,2019-03-22,18070.0508,18199.0,17850.0508,18125.4492,24941.0
SHREECEM.EQ-NSE,2019-03-25,18118.0,18118.0,17740.3008,17800.0,10848.0
SHREECEM.EQ-NSE,2019-03-26,17884.75,18499.0,17806.3008,18420.0,14774.0
SHREECEM.EQ-NSE,2019-03-27,18239.4492,18300.0,17790.0,17790.1504,22327.0
SHREECEM.EQ-NSE,2019-03-28,17890.0,18449.0,17657.4492,18234.8496,46005.0
SHREECEM.EQ-NSE,2019-03-29,18267.8496,18949.0,17930.0,18750.0,40652.0
SHREECEM.EQ-NSE,2019-04-01,18707.3496,18989.0996,18610.0,18680.0,31730.0
SHREECEM.EQ-NSE,2019-04-02,18795.9004,18795.9004,18457.5,18484.0,19561.0
SHREECEM.EQ-NSE,2019-04-03,18541.0508,18735.0,18422.0,18600.0,17609.0
SHREECEM.EQ-NSE,2019-04-04,18800.0,19092.9492,18600.0,18840.0,55856.0
SHREECEM.EQ-NSE,2019-04-05,18887.8008,19156.8496,18870.0,18950.0996,40084.0
SHREECEM.EQ-NSE,2019-04-08,19139.0,19225.0,18696.8496,18818.8496,22146.0
SHREECEM.EQ-NSE,2019-04-09,18885.5996,19021.6992,18508.0,18900.0,14916.0
SHREECEM.EQ-NSE,2019-04-10,18990.25,19068.75,18600.0,18925.1992,39723.0
SHREECEM.EQ-NSE,2019-04-11,19049.9492,19050.0,18856.0508,19015.25,22415.0
SHREECEM.EQ-NSE,2019-04-12,19184.6992,19184.8008,18904.5508,19000.0,14761.0
SHREECEM.EQ-NSE,2019-04-15,19149.9492,19400.0,19072.4004,19385.3008,11299.0
SHREECEM.EQ-NSE,2019-04-16,19385.0,19667.4004,19366.3496,19630.0,12733.0
SHREECEM.EQ-NSE,2019-04-18,19600.0,19819.9004,19333.1992,19661.0,29166.0
SHREECEM.EQ-NSE,2019-04-22,19654.75,19770.4492,19320.0,19330.1504,11034.0
SHREECEM.EQ-NSE,2019-04-23,19398.4004,19580.0,19205.0,19241.0,18687.0
SHREECEM.EQ-NSE,2019-04-24,19250.0,19425.0,18917.0,19351.0508,38669.0
SHREECEM.EQ-NSE,2019-04-25,19400.0508,20140.0508,19281.5996,19930.5,87144.0
SHREECEM.EQ-NSE,2019-04-26,20000.0,20093.0,19850.0,19998.8008,40540.0
SHREECEM.EQ-NSE,2019-04-30,19950.0508,20200.0,19622.3496,19780.0,32608.0
SHREECEM.EQ-NSE,2019-05-02,19764.5,20000.8496,19577.5996,19911.0,17959.0
SHREECEM.EQ-NSE,2019-05-03,19839.8496,20100.0,19777.5996,19850.0,16016.0
SHREECEM.EQ-NSE,2019-05-06,19799.75,19919.25,19591.0,19600.0,16421.0
SHREECEM.EQ-NSE,2019-05-07,19820.0,19995.0,19555.0,19950.0,29796.0
SHREECEM.EQ-NSE,2019-05-08,19899.6504,19900.0,19488.0,19900.0,28188.0
SHREECEM.EQ-NSE,2019-05-09,19734.0996,19769.4492,19198.0,19215.0996,23716.0
SHREECEM.EQ-NSE,2019-05-10,19250.0,19366.0,18900.0,18953.6992,34046.0
SHREECEM.EQ-NSE,2019-05-13,18983.3008,19093.5,18564.25,18815.0,23561.0
SHREECEM.EQ-NSE,2019-05-14,18721.1992,19062.3496,18540.4004,18925.0,19339.0
SHREECEM.EQ-NSE,2019-05-15,19000.0,19217.5508,18865.5,19000.0,26365.0
SHREECEM.EQ-NSE,2019-05-16,19050.0,19657.9004,18705.1504,19425.0,26647.0
SHREECEM.EQ-NSE,2019-05-17,19405.25,19748.0,19000.0,19500.0508,34571.0
SHREECEM.EQ-NSE,2019-05-20,19899.9492,20656.9492,19756.4004,20407.0,55588.0
SHREECEM.EQ-NSE,2019-05-21,20275.0,20935.0,20243.0508,20550.0,40692.0
SHREECEM.EQ-NSE,2019-05-22,20478.8008,20480.6504,20022.0,20200.0,28407.0
SHREECEM.EQ-NSE,2019-05-23,20575.4004,21272.8496,20476.3496,20920.0,77085.0
SHREECEM.EQ-NSE,2019-05-24,20875.6504,21107.5,20805.8008,20963.1992,37259.0
SHREECEM.EQ-NSE,2019-05-27,20899.9492,21600.0,20852.25,21520.0,44768.0
SHREECEM.EQ-NSE,2019-05-28,21410.0,21779.0,21229.0,21602.4004,45815.0
SHREECEM.EQ-NSE,2019-05-29,21649.1504,21690.0,21406.3496,21634.9492,11808.0
SHREECEM.EQ-NSE,2019-05-30,21575.75,21950.0,21280.6504,21400.0,26831.0
SHREECEM.EQ-NSE,2019-05-31,21429.6504,21787.9004,21367.0996,21670.0,51443.0
SHREECEM.EQ-NSE,2019-06-03,21611.3496,21950.0,21549.5508,21914.9004,17848.0
SHREECEM.EQ-NSE,2019-06-04,21678.1504,22080.0,21125.5508,21161.9492,24503.0
SHREECEM.EQ-NSE,2019-06-06,21299.9492,21686.9004,20466.25,20650.0,39205.0
SHREECEM.EQ-NSE,2019-06-07,20497.0508,20999.9492,20410.0,20698.4004,21765.0
SHREECEM.EQ-NSE,2019-06-10,20812.5996,20972.25,20657.6992,20800.0,26790.0
SHREECEM.EQ-NSE,2019-06-11,20818.4492,20949.9492,20576.0,20739.9492,10987.0
SHREECEM.EQ-NSE,2019-06-12,20779.0,20779.0,20324.0508,20594.0,33897.0
SHREECEM.EQ-NSE,2019-06-13,20552.9004,20875.0,20410.8008,20811.0,30714.0
SHREECEM.EQ-NSE,2019-06-14,20800.0,20900.0,20305.0,20359.1504,13118.0
SHREECEM.EQ-NSE,2019-06-17,20498.0,20498.5,19857.0996,19960.0,20451.0
SHREECEM.EQ-NSE,2019-06-18,19959.5,20726.0,19876.9492,20543.4004,24795.0
SHREECEM.EQ-NSE,2019-06-19,20627.25,20648.9492,20300.0,20480.0,19966.0
SHREECEM.EQ-NSE,2019-06-20,20420.0,21270.0,20059.5996,21230.0508,41212.0
SHREECEM.EQ-NSE,2019-06-21,21105.0,21305.0,20987.1504,21201.0508,35957.0
SHREECEM.EQ-NSE,2019-06-24,21154.4004,21389.75,21000.6504,21059.0,21970.0
SHREECEM.EQ-NSE,2019-06-25,21099.8496,21715.0,20980.0508,21521.0,21185.0
SHREECEM.EQ-NSE,2019-06-26,21453.5,22030.0,21410.0,21825.0,19008.0
SHREECEM.EQ-NSE,2019-06-27,21810.0508,22100.3496,21651.0996,21922.5,63599.0
SHREECEM.EQ-NSE,2019-06-28,21900.0,22019.9492,21587.5508,21700.0,22813.0
SHREECEM.EQ-NSE,2019-07-01,21870.0,22399.9004,21400.0,21419.0508,20059.0
SHREECEM.EQ-NSE,2019-07-02,21549.9492,21648.0996,21370.0996,21579.0508,18103.0
SHREECEM.EQ-NSE,2019-07-03,21625.0508,21636.8496,21270.1504,21500.0,12127.0
SHREECEM.EQ-NSE,2019-07-04,21622.0,21772.3008,21349.0508,21648.0508,31349.0
SHREECEM.EQ-NSE,2019-07-05,21749.5508,21894.25,21199.0508,21350.0996,36161.0
SHREECEM.EQ-NSE,2019-07-08,21400.0508,21433.75,20771.25,20840.0,18341.0
SHREECEM.EQ-NSE,2019-07-09,20820.0508,21363.4004,20650.0508,21150.0,16478.0
SHREECEM.EQ-NSE,2019-07-10,21100.0,21414.0,20969.0508,21200.0,22034.0
SHREECEM.EQ-NSE,2019-07-11,21250.0,21500.0,21250.0,21479.75,14145.0
SHREECEM.EQ-NSE,2019-07-12,21457.5,21661.0508,21214.0,21280.0,17784.0
SHREECEM.EQ-NSE,2019-07-15,21449.0,21543.0508,21131.9004,21480.0,8622.0
SHREECEM.EQ-NSE,2019-07-16,21400.0,21673.4004,21300.0,21599.0,17689.0
SHREECEM.EQ-NSE,2019-07-17,21559.0,21765.0,21399.0,21510.0,11648.0
SHREECEM.EQ-NSE,2019-07-18,21558.0996,21700.0,21349.6992,21417.5996,11027.0
SHREECEM.EQ-NSE,2019-07-19,21600.0,21704.5996,21000.0,21220.9004,28244.0
SHREECEM.EQ-NSE,2019-07-22,21145.8008,21145.8008,20601.0996,21069.9004,17215.0
SHREECEM.EQ-NSE,2019-07-23,21390.0,21390.0,20616.8008,20741.1504,18947.0
SHREECEM.EQ-NSE,2019-07-24,20825.0,20849.9004,20431.0996,20611.5,14107.0
SHREECEM.EQ-NSE,2019-07-25,20503.0,21295.0,20503.0,21200.0,24588.0
SHREECEM.EQ-NSE,2019-07-26,21178.0,21541.4004,20955.1504,21405.0,16097.0
SHREECEM.EQ-NSE,2019-07-29,21331.3008,21476.6504,20961.5,21080.0,13252.0
SHREECEM.EQ-NSE,2019-07-30,21095.0,21232.9492,20601.0,20674.0,23212.0
SHREECEM.EQ-NSE,2019-07-31,20551.1992,20673.5508,19889.5508,20150.0,46223.0
SHREECEM.EQ-NSE,2019-08-01,20063.0,20150.0,19691.0,20035.0,48037.0
SHREECEM.EQ-NSE,2019-08-02,19999.0,20098.0,19564.0996,20000.0,28605.0
SHREECEM.EQ-NSE,2019-08-05,19750.0,20045.0,19662.3496,19952.0,14829.0
SHREECEM.EQ-NSE,2019-08-06,19880.0,20424.9492,19825.5,20200.0,36362.0
SHREECEM.EQ-NSE,2019-08-07,20197.9492,20647.0508,20000.1504,20149.9004,20083.0
SHREECEM.EQ-NSE,2019-08-08,20201.0,20539.0996,19563.0,20120.0,27806.0
SHREECEM.EQ-NSE,2019-08-09,20295.0,20918.3008,20101.0,20280.0,52765.0
SHREECEM.EQ-NSE,2019-08-13,20000.5,20078.0,19401.4492,19689.9492,94758.0
SHREECEM.EQ-NSE,2019-08-14,19730.0,20073.75,19470.0996,19675.0,26765.0
SHREECEM.EQ-NSE,2019-08-16,19839.0,19839.0,19210.0996,19417.0996,24189.0
SHREECEM.EQ-NSE,2019-08-19,19696.5508,19705.0,19314.1992,19469.5508,10825.0
SHREECEM.EQ-NSE,2019-08-20,19467.8496,19475.9004,18755.0,19000.0,42656.0
SHREECEM.EQ-NSE,2019-08-21,19009.5508,19100.0508,18668.5508,18698.9492,42656.0
SHREECEM.EQ-NSE,2019-08-22,18674.3008,18789.9492,18311.0508,18341.0,21599.0
SHREECEM.EQ-NSE,2019-08-23,18370.4004,18500.0,18272.3008,18470.0,51730.0
SHREECEM.EQ-NSE,2019-08-26,18500.0,18923.0,17929.1504,18720.0,23424.0
SHREECEM.EQ-NSE,2019-08-27,19312.0,19599.4492,18800.0,19101.0996,24911.0
SHREECEM.EQ-NSE,2019-08-28,19066.8008,19499.25,18959.0508,19000.0,7412.0
SHREECEM.EQ-NSE,2019-08-29,19110.1992,19210.9492,18400.0,18490.1504,38051.0
SHREECEM.EQ-NSE,2019-08-30,18570.0,18614.9492,18279.0,18603.8496,31910.0
SHREECEM.EQ-NSE,2019-09-03,18450.0,18450.0,17630.3008,17744.0,41174.0
SHREECEM.EQ-NSE,2019-09-04,17826.0,17848.0996,17285.6992,17701.0,35942.0
SHREECEM.EQ-NSE,2019-09-05,17791.8496,18039.9004,17466.0,17600.0,36486.0
SHREECEM.EQ-NSE,2019-09-06,17650.5996,17960.0,17507.9492,17783.0996,19682.0
SHREECEM.EQ-NSE,2019-09-09,17870.5,18250.0,17616.0,18099.9004,26101.0
SHREECEM.EQ-NSE,2019-09-11,18099.0,18573.0996,17921.4004,18414.9492,66929.0
SHREECEM.EQ-NSE,2019-09-12,18550.0,18645.0508,18327.5508,18625.0,23413.0
SHREECEM.EQ-NSE,2019-09-13,18645.4004,18951.0,18469.3496,18950.0,15351.0
SHREECEM.EQ-NSE,2019-09-16,18700.0,19037.8496,18573.5508,18945.0,19388.0
SHREECEM.EQ-NSE,2019-09-17,19065.0,19065.0,18457.0508,18561.0,27789.0
SHREECEM.EQ-NSE,2019-09-18,18932.1992,18932.1992,18518.5,18633.0,15299.0
SHREECEM.EQ-NSE,2019-09-19,18700.0,18700.0,17780.0,17900.0,21836.0
SHREECEM.EQ-NSE,2019-09-20,18100.0,20490.0,17717.0996,19350.0,115014.0
SHREECEM.EQ-NSE,2019-09-23,19446.0996,20326.0,19407.1992,19762.0,51214.0
SHREECEM.EQ-NSE,2019-09-24,20000.0,20201.0,19601.0,19800.0,38818.0
SHREECEM.EQ-NSE,2019-09-25,20145.0,20145.0,19175.4004,19398.0,21163.0
SHREECEM.EQ-NSE,2019-09-26,19399.0,19653.1992,19269.1504,19400.0,25079.0
SHREECEM.EQ-NSE,2019-09-27,19486.0508,19486.0508,19200.0,19270.0,12886.0
SHREECEM.EQ-NSE,2019-09-30,19200.0,19243.0,18802.0,18915.0508,18682.0
SHREECEM.EQ-NSE,2019-10-01,18916.3008,19130.4492,18350.0,18669.0996,20861.0
SHREECEM.EQ-NSE,2019-10-03,18400.0,18643.9492,18127.6504,18248.0,16225.0
SHREECEM.EQ-NSE,2019-10-04,18375.6992,18391.5,18004.5508,18150.5,25838.0
SHREECEM.EQ-NSE,2019-10-07,18240.0,18240.0,17727.0,17950.0,11855.0
SHREECEM.EQ-NSE,2019-10-09,17937.6992,18539.3496,17733.3008,18451.5,29193.0
SHREECEM.EQ-NSE,2019-10-10,18350.0,18549.6504,18116.0,18301.1504,10757.0
SHREECEM.EQ-NSE,2019-10-11,18382.9492,18570.0,18311.0,18390.0,13621.0
SHREECEM.EQ-NSE,2019-10-14,18400.0,18822.0996,18351.0996,18675.0,8084.0
SHREECEM.EQ-NSE,2019-10-15,18819.9492,18860.9492,18511.0508,18599.0,37874.0
SHREECEM.EQ-NSE,2019-10-16,18699.9004,18775.0,18501.0,18700.0,21909.0
SHREECEM.EQ-NSE,2019-10-17,18510.0,18699.9492,17750.0,18200.0,39936.0
SHREECEM.EQ-NSE,2019-10-18,18220.1504,18795.9004,18220.0996,18600.0,22347.0
SHREECEM.EQ-NSE,2019-10-22,19428.3008,20312.4492,19258.25,19550.0,114103.0
SHREECEM.EQ-NSE,2019-10-23,19637.5508,19987.8496,19461.0,19785.0,25241.0
SHREECEM.EQ-NSE,2019-10-24,19888.5,20449.0,19791.9004,20394.9492,28433.0
SHREECEM.EQ-NSE,2019-10-25,20280.0,20458.9004,20025.0,20224.9492,13727.0
SHREECEM.EQ-NSE,2019-10-29,20130.0,20401.75,20068.9004,20320.0,15426.0
SHREECEM.EQ-NSE,2019-10-30,20351.1504,20537.0508,20070.0,20230.0,20485.0
SHREECEM.EQ-NSE,2019-10-31,20251.0508,20394.0,19802.6992,19999.9492,37239.0
SHREECEM.EQ-NSE,2019-11-01,19952.5996,20300.0,19803.0,20050.0,17763.0
SHREECEM.EQ-NSE,2019-11-04,20005.0,20340.0,19922.25,20099.0,31962.0
SHREECEM.EQ-NSE,2019-11-05,20199.0,20199.0,19791.5508,19927.4004,17958.0
SHREECEM.EQ-NSE,2019-11-06,19830.0,19913.0996,19601.0,19750.0,18851.0
SHREECEM.EQ-NSE,2019-11-07,19950.0,20157.6504,19873.5508,20100.0,23920.0
SHREECEM.EQ-NSE,2019-11-08,20099.9004,20166.0,19711.0,19765.9004,22167.0
SHREECEM.EQ-NSE,2019-11-11,19869.0,19967.0,19612.5508,19760.0,9321.0
SHREECEM.EQ-NSE,2019-11-13,19825.0,20268.75,19700.0,19713.1992,15756.0
SHREECEM.EQ-NSE,2019-11-14,19750.0508,19977.1992,19550.0508,19800.0,18495.0
SHREECEM.EQ-NSE,2019-11-15,19793.4004,19800.0,19368.0508,19610.0,31848.0
SHREECEM.EQ-NSE,2019-11-18,19745.0,20094.0,19577.4492,19830.6992,22143.0
SHREECEM.EQ-NSE,2019-11-19,19900.0,20077.9492,19688.3008,20065.0,27672.0
SHREECEM.EQ-NSE,2019-11-20,20032.0,20680.0,20032.0,20336.0996,46726.0
SHREECEM.EQ-NSE,2019-11-21,20290.0,20574.9492,20216.5996,20318.0508,23198.0
SHREECEM.EQ-NSE,2019-11-22,20300.0,20540.0,20260.6504,20321.0,17887.0
SHREECEM.EQ-NSE,2019-11-25,20350.0,20660.8496,20266.5996,20593.5,20816.0
SHREECEM.EQ-NSE,2019-11-26,20670.0,21230.9492,20590.0,20873.1504,89698.0
SHREECEM.EQ-NSE,2019-11-27,21098.0,21393.6504,20841.9492,21377.0,24794.0
SHREECEM.EQ-NSE,2019-11-28,21227.1992,21438.0,21104.0,21200.0,15463.0
SHREECEM.EQ-NSE,2019-11-29,21230.0,21299.1992,20915.1992,21001.0508,18146.0
SHREECEM.EQ-NSE,2019-12-02,21049.0,21084.8496,20789.75,20944.0,16190.0
SHREECEM.EQ-NSE,2019-12-03,20910.0,21089.0,20320.0,20520.0,17513.0
SHREECEM.EQ-NSE,2019-12-04,20599.8496,20599.8496,20190.9004,20427.25,17993.0
SHREECEM.EQ-NSE,2019-12-05,20426.5508,20515.5508,20133.0508,20429.5996,17546.0
SHREECEM.EQ-NSE,2019-12-06,20490.0,20578.5,20239.8496,20290.0,15519.0
SHREECEM.EQ-NSE,2019-12-09,20290.0508,20507.6992,20208.0508,20320.0,11869.0
SHREECEM.EQ-NSE,2019-12-10,20330.0,20333.25,19950.0,20300.0,28296.0
SHREECEM.EQ-NSE,2019-12-11,20167.0996,20284.9492,19838.1992,19883.0,18092.0
SHREECEM.EQ-NSE,2019-12-12,19987.0,20200.0,19902.1992,20100.0,12355.0
SHREECEM.EQ-NSE,2019-12-13,20101.0,20469.6504,20101.0,20399.9004,22180.0
SHREECEM.EQ-NSE,2019-12-16,20383.9004,20425.0,20242.1504,20310.0,13191.0
SHREECEM.EQ-NSE,2019-12-17,20390.0,20720.0,20220.75,20590.5,21027.0
SHREECEM.EQ-NSE,2019-12-18,20510.0,20640.0,20133.25,20349.0,21050.0
SHREECEM.EQ-NSE,2019-12-19,20348.0,20410.0,20152.0,20290.1504,6641.0
SHREECEM.EQ-NSE,2019-12-20,20357.0,20693.0508,20215.1504,20578.0,33187.0
SHREECEM.EQ-NSE,2019-12-23,20539.9492,20607.6992,20257.5996,20315.5,18310.0
SHREECEM.EQ-NSE,2019-12-24,20379.0,20379.0,20114.0508,20270.0,5516.0
SHREECEM.EQ-NSE,2019-12-26,20298.9492,20429.25,20189.4492,20400.0,14539.0
SHREECEM.EQ-NSE,2019-12-27,20389.9004,20640.0,20280.0,20633.0,7965.0
SHREECEM.EQ-NSE,2019-12-30,20590.0,20649.0,20272.25,20516.0,10597.0
SHREECEM.EQ-NSE,2019-12-31,20489.0,20519.4492,20330.3496,20387.9492,7110.0
SHREECEM.EQ-NSE,2020-01-01,20375.0,20489.0,20287.0508,20310.5,4854.0
SHREECEM.EQ-NSE,2020-01-02,20320.0,21279.9004,20320.0,21249.5,31775.0
SHREECEM.EQ-NSE,2020-01-03,21200.0,21398.9492,20950.0,21240.25,19027.0
SHREECEM.EQ-NSE,2020-01-06,21124.8008,21219.9492,20591.4004,20870.0,25710.0
SHREECEM.EQ-NSE,2020-01-07,21097.1504,22050.0,20951.0,22005.1504,83734.0
SHREECEM.EQ-NSE,2020-01-08,21849.0,22691.6504,21710.3008,22400.0508,68419.0
SHREECEM.EQ-NSE,2020-01-09,22521.8496,22959.8496,22327.25,22898.0,40195.0
SHREECEM.EQ-NSE,2020-01-10,22900.0,23409.5,22723.6504,23322.25,41391.0
SHREECEM.EQ-NSE,2020-01-13,23270.0,24263.0508,23227.0508,23611.0508,55170.0
SHREECEM.EQ-NSE,2020-01-14,23670.0508,23820.1992,23424.75,23620.0,22775.0
SHREECEM.EQ-NSE,2020-01-15,23670.0,23800.0,23351.5,23790.0,24032.0
SHREECEM.EQ-NSE,2020-01-16,23750.0,24100.0,23065.6504,23330.0,59116.0
SHREECEM.EQ-NSE,2020-01-17,23336.0,23646.4004,23205.0,23286.0,32520.0
SHREECEM.EQ-NSE,2020-01-20,23350.0,23508.8008,23039.9492,23341.5996,26395.0
SHREECEM.EQ-NSE,2020-01-21,23160.0996,23398.6992,22831.5508,22901.1504,29644.0
SHREECEM.EQ-NSE,2020-01-22,22960.0,23299.9492,22887.0,22891.5,28095.0
SHREECEM.EQ-NSE,2020-01-23,23030.0,23200.0,22911.0996,23100.0,15180.0
SHREECEM.EQ-NSE,2020-01-24,22990.0,23302.0,22870.0,23180.0,31208.0
SHREECEM.EQ-NSE,2020-01-27,23099.9004,23766.0,22960.1504,23444.0,35243.0
SHREECEM.EQ-NSE,2020-01-28,23990.0,23990.0,23363.0508,23539.0996,13366.0
SHREECEM.EQ-NSE,2020-01-29,23539.0996,23780.0,23206.0996,23206.0996,13778.0
SHREECEM.EQ-NSE,2020-01-30,23427.3008,23649.0,23279.1992,23365.5,18300.0
SHREECEM.EQ-NSE,2020-02-01,22999.9492,23490.0,22250.1504,22278.25,16107.0
SHREECEM.EQ-NSE,2020-01-31,23550.0996,23683.0,22827.6504,23000.0,26010.0
SHREECEM.EQ-NSE,2020-02-03,22427.3008,23354.0,22410.0508,23300.0,19165.0
SHREECEM.EQ-NSE,2020-02-04,23304.4492,24659.3008,23303.1992,24411.0508,46283.0
SHREECEM.EQ-NSE,2020-02-05,24412.0508,25290.0,24412.0508,24923.0,65151.0
SHREECEM.EQ-NSE,2020-02-06,25047.9004,25274.9492,24750.25,25005.0,35897.0
SHREECEM.EQ-NSE,2020-02-07,25020.0508,25355.0,24700.0,25000.0,15153.0
SHREECEM.EQ-NSE,2020-02-10,25000.0,25149.25,24820.5,24950.5,33310.0
SHREECEM.EQ-NSE,2020-02-11,25050.0996,25240.4492,24694.3008,24840.0,9316.0
SHREECEM.EQ-NSE,2020-02-12,24981.0,25146.0,24441.0,24610.0,15909.0
SHREECEM.EQ-NSE,2020-02-13,24699.8008,24893.1992,24456.3008,24657.0,15143.0
SHREECEM.EQ-NSE,2020-02-14,24750.0,24913.0508,24178.6504,24316.9004,44365.0
SHREECEM.EQ-NSE,2020-02-17,24320.0,24445.5,23955.0,23975.0996,14595.0
SHREECEM.EQ-NSE,2020-02-18,23997.0,23997.0,23300.75,23912.5996,39723.0
SHREECEM.EQ-NSE,2020-02-19,24847.75,25199.9004,24316.8008,24390.0,156057.0
SHREECEM.EQ-NSE,2020-02-20,24400.0,24791.6504,24270.6504,24410.0,31973.0
SHREECEM.EQ-NSE,2020-02-24,24100.0,24576.0996,23684.0508,23706.0,29268.0
SHREECEM.EQ-NSE,2020-02-25,23999.0,23999.0,23478.0508,23525.0,38348.0
SHREECEM.EQ-NSE,2020-02-26,23455.0,23597.3008,23153.0996,23550.0,34893.0
SHREECEM.EQ-NSE,2020-02-27,23549.0,23927.3008,23136.8008,23729.0,79935.0
SHREECEM.EQ-NSE,2020-02-28,23489.0,23729.0,22463.9492,22633.0,90941.0
SHREECEM.EQ-NSE,2020-03-02,22810.0,23427.9492,22800.3496,23050.0,58042.0
SHREECEM.EQ-NSE,2020-03-03,23149.6992,23844.9492,23050.0,23800.0,28709.0
SHREECEM.EQ-NSE,2020-03-04,23799.0,23896.5,22801.0,23170.0,44402.0
SHREECEM.EQ-NSE,2020-03-05,23283.0,23581.3008,23001.0,23100.0,43545.0
SHREECEM.EQ-NSE,2020-03-06,22799.9004,23300.0,22502.0,23237.4004,34210.0
SHREECEM.EQ-NSE,2020-03-09,22994.8008,23000.9492,21712.0,21850.0,62872.0
SHREECEM.EQ-NSE,2020-03-11,21780.0,22303.9492,21578.1992,21950.0,50608.0
SHREECEM.EQ-NSE,2020-03-12,21006.1504,21540.0,20128.1504,20379.5508,81391.0
SHREECEM.EQ-NSE,2020-03-13,19200.4004,21613.0,18250.5,21350.0,67602.0
SHREECEM.EQ-NSE,2020-03-16,20405.0,21388.0,18550.0,19923.0,124575.0
SHREECEM.EQ-NSE,2020-03-17,19923.0,20796.0,19350.0,20201.9004,61152.0
SHREECEM.EQ-NSE,2020-03-18,20299.0,20600.0,18100.0,18211.0,447804.0
SHREECEM.EQ-NSE,2020-03-19,17990.0,19458.0,16399.9004,16899.75,130025.0
SHREECEM.EQ-NSE,2020-03-20,17350.0,19186.3008,17026.75,18880.0,109641.0
SHREECEM.EQ-NSE,2020-03-23,17150.0,17579.9492,16068.1504,17100.0,72002.0
SHREECEM.EQ-NSE,2020-03-24,17400.0,18180.0508,16380.4502,17030.0,73409.0
SHREECEM.EQ-NSE,2020-03-25,16800.0,17947.3496,16551.4492,16980.0,42985.0
SHREECEM.EQ-NSE,2020-03-26,17450.0,18050.0,17107.5996,17599.6504,67989.0
SHREECEM.EQ-NSE,2020-03-27,17800.0,18569.5996,16836.0508,17501.0,56706.0
SHREECEM.EQ-NSE,2020-03-30,17000.0,17600.0,16100.6504,17000.0,61864.0
SHREECEM.EQ-NSE,2020-03-31,17274.1504,17716.9004,16917.0,17690.0,51003.0
SHREECEM.EQ-NSE,2020-04-01,17500.0,17546.3008,16500.0,16523.0,48921.0
SHREECEM.EQ-NSE,2020-04-03,16661.1992,16698.4492,15410.0,15500.0,77678.0
SHREECEM.EQ-NSE,2020-04-07,16092.0,16850.0,15882.1504,16351.1504,91739.0
SHREECEM.EQ-NSE,2020-04-08,16351.1504,17031.0,15918.7998,16000.0,122711.0
SHREECEM.EQ-NSE,2020-04-09,16350.0,17010.0,16135.0,16959.5508,92907.0
SHREECEM.EQ-NSE,2020-04-13,16890.0,17801.3008,16222.2998,17368.0,86625.0
SHREECEM.EQ-NSE,2020-04-15,17598.9492,18547.1992,17368.0,18076.0996,125768.0
SHREECEM.EQ-NSE,2020-04-16,18000.0,19348.9492,17551.25,18700.0508,112357.0
SHREECEM.EQ-NSE,2020-04-17,19400.0,19731.6992,18785.4004,19000.0,74610.0
SHREECEM.EQ-NSE,2020-04-20,19099.0,19338.9492,18931.3496,19009.0,48029.0
SHREECEM.EQ-NSE,2020-04-21,18322.5,19000.0,18237.1992,18843.0508,43114.0
SHREECEM.EQ-NSE,2020-04-22,18840.5996,19620.0,18611.9492,18898.0,70833.0
SHREECEM.EQ-NSE,2020-04-23,19035.3496,19175.0,18601.0508,18748.9492,41856.0
SHREECEM.EQ-NSE,2020-04-24,18739.0,18927.3008,18382.5508,18650.0,34302.0
SHREECEM.EQ-NSE,2020-04-27,18768.0,19200.0,18750.3496,19080.0,37834.0
SHREECEM.EQ-NSE,2020-04-28,19150.0,19394.9492,18800.0508,18950.0,29369.0
SHREECEM.EQ-NSE,2020-04-29,19049.9492,19250.0,18950.3496,19217.0,25382.0
SHREECEM.EQ-NSE,2020-04-30,19300.0,19890.0,19118.4492,19610.0,53613.0
SHREECEM.EQ-NSE,2020-05-04,19174.0,19304.6504,18540.0,18590.0,35434.0
SHREECEM.EQ-NSE,2020-05-05,18675.5,18899.8496,18250.0,18529.9492,42902.0
SHREECEM.EQ-NSE,2020-05-06,18624.9492,18930.0,18523.5508,18845.0,31768.0
SHREECEM.EQ-NSE,2020-05-07,18741.9004,18884.1992,18041.9492,18380.0,44588.0
SHREECEM.EQ-NSE,2020-05-08,18599.1504,18879.4492,18450.0996,18665.0,37557.0
SHREECEM.EQ-NSE,2020-05-11,19149.9492,19299.0,18812.75,18944.9492,85261.0
SHREECEM.EQ-NSE,2020-05-12,18845.1992,19232.0,18416.5,19130.0,45704.0
SHREECEM.EQ-NSE,2020-05-13,19534.9492,20309.9492,19442.4492,19800.0,97410.0
SHREECEM.EQ-NSE,2020-05-14,19699.6504,19928.8496,19165.0996,19355.0,76632.0
SHREECEM.EQ-NSE,2020-05-15,19509.9004,19563.5508,18811.5,19059.6992,52617.0
SHREECEM.EQ-NSE,2020-05-18,19190.0,19239.4492,18000.0,18100.0,66586.0
SHREECEM.EQ-NSE,2020-05-19,18301.1992,18820.0,18075.0,18400.0,68393.0
SHREECEM.EQ-NSE,2020-05-20,18351.4004,20150.4492,18351.0508,19484.9492,95765.0
SHREECEM.EQ-NSE,2020-05-21,19168.5996,19349.5996,18750.0,19180.0,83149.0
SHREECEM.EQ-NSE,2020-05-22,19019.0,20079.9492,18803.1992,19850.0,97472.0
SHREECEM.EQ-NSE,2020-05-26,19837.5,20759.9492,19700.0,20540.0,115155.0
SHREECEM.EQ-NSE,2020-05-27,20702.75,20900.0,20300.0,20535.0,80828.0
SHREECEM.EQ-NSE,2020-05-28,20551.0,21163.3496,20260.8008,20900.0,77567.0
SHREECEM.EQ-NSE,2020-05-29,20700.1504,21049.0,20608.9004,20800.0,76523.0
SHREECEM.EQ-NSE,2020-06-01,20857.3008,21464.6992,20855.5,21025.0,74553.0
SHREECEM.EQ-NSE,2020-06-02,21180.0,21340.0,20952.6504,21241.5,42091.0
SHREECEM.EQ-NSE,2020-06-03,21300.1504,21740.0,21251.0,21670.9492,48984.0
SHREECEM.EQ-NSE,2020-06-04,21611.0,21869.5,21067.4004,21385.0,42973.0
SHREECEM.EQ-NSE,2020-06-05,21536.8496,22430.0,21502.4004,22000.0,55168.0
SHREECEM.EQ-NSE,2020-06-08,22117.75,22296.5,21000.0,21228.0,73126.0
SHREECEM.EQ-NSE,2020-06-09,21480.0,21585.0,20908.8008,21098.9492,63882.0
SHREECEM.EQ-NSE,2020-06-10,21170.0508,21611.0508,21149.8496,21598.0,49718.0
SHREECEM.EQ-NSE,2020-06-11,21600.0,21600.0,21204.5,21277.6504,49825.0
SHREECEM.EQ-NSE,2020-06-12,20799.4492,23137.25,20799.4492,22450.0,146959.0
SHREECEM.EQ-NSE,2020-06-15,22200.5996,22361.0508,21750.0,22082.25,99671.0
SHREECEM.EQ-NSE,2020-06-16,22292.0,22539.9492,21800.0,21977.4004,70276.0
SHREECEM.EQ-NSE,2020-06-17,21970.0,22079.5,21514.3008,21690.0,70802.0
SHREECEM.EQ-NSE,2020-06-18,21717.0508,21998.9492,21410.0,21760.3008,83522.0
SHREECEM.EQ-NSE,2020-06-19,21800.0,21930.0,21566.4492,21650.0,64234.0
SHREECEM.EQ-NSE,2020-06-22,21710.9004,22199.9492,21530.0508,22199.9492,97625.0
SHREECEM.EQ-NSE,2020-06-23,22150.0,22943.0996,22050.0,22801.0,56131.0
SHREECEM.EQ-NSE,2020-06-24,22750.0,23068.0,22330.0,22476.9004,66976.0
SHREECEM.EQ-NSE,2020-06-25,22450.0,22619.0996,21889.0,22100.0,46909.0
SHREECEM.EQ-NSE,2020-06-26,22220.6992,22700.0,21863.4004,22674.4492,56150.0
SHREECEM.EQ-NSE,2020-06-29,22440.0,22483.8496,21927.5996,22353.8496,49339.0
SHREECEM.EQ-NSE,2020-06-30,22353.8496,23330.0,22341.9492,23040.0,102378.0
SHREECEM.EQ-NSE,2020-07-01,22814.3496,23215.0,22516.8008,22617.0,71369.0
SHREECEM.EQ-NSE,2020-07-02,22850.0,22950.0,22511.0,22806.0,42013.0
SHREECEM.EQ-NSE,2020-07-03,22985.0,22987.5508,22737.5508,22782.9004,31350.0
SHREECEM.EQ-NSE,2020-07-06,22880.0,23215.0,22850.75,23051.6504,84827.0
SHREECEM.EQ-NSE,2020-07-07,23072.5508,23087.6504,22656.0,22850.0,41601.0
SHREECEM.EQ-NSE,2020-07-08,23023.0,23050.0,22345.9492,22452.0,57076.0
SHREECEM.EQ-NSE,2020-07-09,22593.5,22915.0,22380.1992,22850.0,48206.0
SHREECEM.EQ-NSE,2020-07-10,22798.9492,22798.9492,22182.1992,22400.0,44493.0
SHREECEM.EQ-NSE,2020-07-13,22460.0,22627.8496,22250.0,22300.0,52187.0
SHREECEM.EQ-NSE,2020-07-14,22388.0,22394.8008,21710.4492,22000.0,61122.0
SHREECEM.EQ-NSE,2020-07-15,22205.0,22274.0,21750.0,21800.0,48104.0
SHREECEM.EQ-NSE,2020-07-16,22000.0,22000.0,21250.0,21670.0,42248.0
SHREECEM.EQ-NSE,2020-07-17,21731.25,22400.0,21606.0,22311.4492,38056.0
SHREECEM.EQ-NSE,2020-07-20,22325.8496,22399.9004,22007.3008,22236.0508,38260.0
SHREECEM.EQ-NSE,2020-07-21,22495.0,22810.0,22260.1504,22387.0,73454.0
SHREECEM.EQ-NSE,2020-07-22,22500.0996,22534.9004,21919.3008,22012.0,44569.0
SHREECEM.EQ-NSE,2020-07-23,22023.1504,22129.4492,21501.0,21560.0,69500.0
SHREECEM.EQ-NSE,2020-07-24,21507.9004,21600.0,21160.0,21280.0,57975.0
SHREECEM.EQ-NSE,2020-07-27,21449.9492,21590.0,21015.9492,21100.0,61602.0
SHREECEM.EQ-NSE,2020-07-28,21147.0,22020.0,21110.0,21905.0,96824.0
SHREECEM.EQ-NSE,2020-07-29,21696.5996,22200.0,21624.0,21666.0,64528.0
SHREECEM.EQ-NSE,2020-07-30,21845.0,22025.0,21300.0,21380.0,51646.0
SHREECEM.EQ-NSE,2020-07-31,21350.3496,21890.0,21350.0,21670.0,50617.0
SHREECEM.EQ-NSE,2020-08-03,21630.0508,21864.0508,21490.0,21745.0,29484.0
SHREECEM.EQ-NSE,2020-08-04,21700.0,21940.9492,21325.9004,21600.0,52258.0
SHREECEM.EQ-NSE,2020-08-05,21707.4492,22150.0,21451.0996,22105.0,84340.0
SHREECEM.EQ-NSE,2020-08-06,22120.0508,22165.0,21530.0,21849.8496,56501.0
SHREECEM.EQ-NSE,2020-08-07,21849.8496,22074.1504,21621.3008,21849.5,41308.0
SHREECEM.EQ-NSE,2020-08-10,22222.0,22550.0,21939.5508,22319.5996,125037.0
SHREECEM.EQ-NSE,2020-08-11,21900.0,21989.9492,21322.0,21525.0,187870.0
SHREECEM.EQ-NSE,2020-08-12,21560.0,21634.6992,21270.0,21425.0,72363.0
SHREECEM.EQ-NSE,2020-08-13,21568.9492,21644.4492,21103.3008,21294.0,66815.0
SHREECEM.EQ-NSE,2020-08-14,21301.0,21700.0,21201.5508,21470.9004,78827.0
SHREECEM.EQ-NSE,2020-08-17,21600.0,21649.9004,21401.0,21530.0,34616.0
SHREECEM.EQ-NSE,2020-08-18,21512.75,21950.0,21512.75,21900.0,76361.0
SHREECEM.EQ-NSE,2020-08-19,21960.1992,22173.3008,21850.0508,22080.0,47797.0
SHREECEM.EQ-NSE,2020-08-20,21973.8496,22236.4492,21788.1992,22044.75,37621.0
SHREECEM.EQ-NSE,2020-08-21,22100.3008,22467.8008,22100.3008,22360.0,34212.0
SHREECEM.EQ-NSE,2020-08-24,22317.75,22543.0,22156.0,22212.0,37684.0
SHREECEM.EQ-NSE,2020-08-25,22260.1992,22461.75,21650.0,21950.0,64935.0
SHREECEM.EQ-NSE,2020-08-26,21925.6992,21999.0,21600.0508,21650.0,37988.0
SHREECEM.EQ-NSE,2020-08-27,21711.8496,21753.3008,21460.0,21599.9004,40798.0
SHREECEM.EQ-NSE,2020-08-28,21645.0,21800.0,21251.5,21350.0,52794.0
SHREECEM.EQ-NSE,2020-08-31,21478.9004,21550.0,20010.0,20180.0,114524.0
SHREECEM.EQ-NSE,2020-09-01,20418.1992,20599.9492,19975.0,20440.0,74697.0
SHREECEM.EQ-NSE,2020-09-02,20599.0,20748.4004,20450.0,20540.0,49561.0
SHREECEM.EQ-NSE,2020-09-03,20570.4004,20849.0,20250.6992,20448.0,50180.0
SHREECEM.EQ-NSE,2020-09-04,20295.0,20500.0,19950.0,19952.75,64358.0
SHREECEM.EQ-NSE,2020-09-07,20050.0,20119.1504,19636.0508,19760.0,59670.0
SHREECEM.EQ-NSE,2020-09-08,19794.6504,20199.0,19272.0996,19350.0,65712.0
SHREECEM.EQ-NSE,2020-09-09,19300.0,19566.0,19068.0508,19448.0,83418.0
SHREECEM.EQ-NSE,2020-09-10,19572.3008,19750.0,19319.0,19735.5,44671.0
SHREECEM.EQ-NSE,2020-09-11,19650.0,19685.4004,19365.0996,19500.0,61136.0
SHREECEM.EQ-NSE,2020-09-14,19589.9492,19985.0,19500.0,19680.0,60781.0
SHREECEM.EQ-NSE,2020-09-15,19715.0,20147.9004,19600.0,20070.0,71866.0
SHREECEM.EQ-NSE,2020-09-16,20065.25,20492.5508,19946.1504,20300.0,50990.0
SHREECEM.EQ-NSE,2020-09-17,20320.0,20320.0,19795.9492,19910.0,65389.0
SHREECEM.EQ-NSE,2020-09-18,19950.0,20108.5508,19399.5,19490.75,82044.0
SHREECEM.EQ-NSE,2020-09-21,19500.0,19600.0,18707.6504,18778.9004,35881.0
SHREECEM.EQ-NSE,2020-09-22,19074.9004,19187.1992,18424.0,18850.0,71366.0
SHREECEM.EQ-NSE,2020-09-23,19115.3008,19115.3008,18536.8008,18931.0,45531.0
SHREECEM.EQ-NSE,2020-09-24,18800.0,18846.9004,18183.5508,18340.0,64592.0
SHREECEM.EQ-NSE,2020-09-25,18391.5,19150.0,18364.5508,18902.0,55940.0
SHREECEM.EQ-NSE,2020-09-28,19200.0,19655.0,19080.0,19640.0,40593.0
SHREECEM.EQ-NSE,2020-09-29,19682.8496,19970.0,19351.4004,19795.0,90339.0
SHREECEM.EQ-NSE,2020-09-30,19887.5996,20535.0,19661.8496,20184.9492,121014.0
SHREECEM.EQ-NSE,2020-10-01,20400.0508,20659.9492,20325.0,20600.0,71866.0
SHREECEM.EQ-NSE,2020-10-05,20600.0,20719.0508,20000.0,20045.0,62940.0
SHREECEM.EQ-NSE,2020-10-06,20156.8496,20446.4492,20001.0,20325.0,58579.0
SHREECEM.EQ-NSE,2020-10-07,20325.0,20800.0,20097.9492,20705.0,78953.0
SHREECEM.EQ-NSE,2020-10-08,20721.1992,20850.0,20490.0,20750.0,63367.0
SHREECEM.EQ-NSE,2020-10-09,20800.0,21250.0,20686.5,21192.0,90247.0
SHREECEM.EQ-NSE,2020-10-12,21160.0996,21397.9492,20845.0508,20950.0,56186.0
SHREECEM.EQ-NSE,2020-10-13,20949.5,21700.0,20850.0,20974.8496,115649.0
SHREECEM.EQ-NSE,2020-10-14,21000.0996,21320.0,20651.4004,21040.0,69231.0
SHREECEM.EQ-NSE,2020-10-15,21195.0,21260.0,20505.1992,20549.6504,54904.0
SHREECEM.EQ-NSE,2020-10-16,20792.25,21324.5508,20650.0,21147.0,84963.0
SHREECEM.EQ-NSE,2020-10-19,21200.0508,21400.0,21022.0996,21200.0,48434.0
SHREECEM.EQ-NSE,2020-10-20,21197.9492,21550.0,21100.0996,21130.0,70497.0
SHREECEM.EQ-NSE,2020-10-21,21253.8008,21426.9492,20680.1504,21111.0508,56949.0
SHREECEM.EQ-NSE,2020-10-22,21200.0,21290.0,20901.6992,20988.9492,51423.0
SHREECEM.EQ-NSE,2020-10-23,21107.25,21272.3008,20257.0508,20900.0,78146.0
SHREECEM.EQ-NSE,2020-10-26,20660.0,20809.75,20113.0996,20375.4492,65752.0
SHREECEM.EQ-NSE,2020-10-27,20553.0996,22100.0,20424.75,21495.0,239031.0
SHREECEM.EQ-NSE,2020-10-28,21650.0,21788.0,21231.1992,21231.1992,80465.0
SHREECEM.EQ-NSE,2020-10-29,21250.0508,21799.9492,21105.0508,21599.75,71204.0
SHREECEM.EQ-NSE,2020-10-30,21737.5508,22050.0,21519.9492,21604.5508,86037.0
SHREECEM.EQ-NSE,2020-11-02,21712.25,21898.5508,21512.0996,21660.1992,46606.0
SHREECEM.EQ-NSE,2020-11-03,21821.5,21999.9492,21671.3496,21890.0,49139.0
SHREECEM.EQ-NSE,2020-11-04,21897.0,22077.0508,21725.25,21948.0,61816.0
SHREECEM.EQ-NSE,2020-11-05,22100.0,22328.1504,21810.0,22290.0,82676.0
SHREECEM.EQ-NSE,2020-11-06,22155.0,22378.9004,21960.0,22100.0,57923.0
SHREECEM.EQ-NSE,2020-11-09,22280.0,22737.4492,22059.8008,22737.4492,66811.0
SHREECEM.EQ-NSE,2020-11-10,22640.0,23230.0,22640.0,22812.1992,112628.0
SHREECEM.EQ-NSE,2020-11-11,22830.8496,23130.0,22430.0,22941.0508,82791.0
SHREECEM.EQ-NSE,2020-11-12,23060.0508,23624.0,22880.0,23485.1504,178307.0
SHREECEM.EQ-NSE,2020-11-13,23529.75,23645.1992,23205.3008,23400.0,73552.0
SHREECEM.EQ-NSE,2020-11-17,23400.5508,24095.0,23400.0,23900.0,86831.0
SHREECEM.EQ-NSE,2020-11-18,24002.9492,24134.6992,23756.0,24093.6992,57360.0
SHREECEM.EQ-NSE,2020-11-19,23960.3496,24287.0,23503.5996,23570.0508,67021.0
SHREECEM.EQ-NSE,2020-11-20,23827.3008,24010.9492,23630.3008,23987.0,50497.0
SHREECEM.EQ-NSE,2020-11-23,24116.3008,24598.9492,23987.0,24320.0,65750.0
SHREECEM.EQ-NSE,2020-11-24,24650.0,24688.9004,24067.1504,24285.0,66253.0
SHREECEM.EQ-NSE,2020-11-25,24580.0,24695.9492,23547.0508,23700.0,82894.0
SHREECEM.EQ-NSE,2020-11-26,23949.0,24600.0,23700.0,24473.6992,74273.0
SHREECEM.EQ-NSE,2020-11-27,24473.6992,24529.0508,23351.0,23811.9492,190574.0
SHREECEM.EQ-NSE,2020-12-01,25299.6992,25655.5,24549.4004,24849.75,94394.0
SHREECEM.EQ-NSE,2020-12-02,24800.0,25043.6992,24200.0,24600.0,77511.0
SHREECEM.EQ-NSE,2020-12-03,24735.5,25040.5996,24702.3496,24930.0,56921.0
SHREECEM.EQ-NSE,2020-12-04,24951.0,25335.0,24820.3008,24939.0,63171.0
SHREECEM.EQ-NSE,2020-12-07,24950.0,25089.0,24724.0,24900.0,12069.0
SHREECEM.EQ-NSE,2020-12-08,25040.0,25289.9492,24735.5,24756.1992,15220.0
SHREECEM.EQ-NSE,2020-12-09,24949.1504,24949.1992,24351.0,24428.0508,18333.0
SHREECEM.EQ-NSE,2020-12-10,24499.9492,24499.9492,23687.4004,23740.1992,19256.0
SHREECEM.EQ-NSE,2020-12-11,23780.0,23958.0,23585.0508,23750.0,14772.0
SHREECEM.EQ-NSE,2020-12-14,23895.0,23986.6992,23652.0,23750.0,12580.0
SHREECEM.EQ-NSE,2020-12-15,23795.0,24325.0,23722.1992,24223.0,20033.0
SHREECEM.EQ-NSE,2020-12-16,24400.0,24488.9004,24145.6992,24310.0,17502.0
SHREECEM.EQ-NSE,2020-12-17,24383.6504,24899.0,24315.0,24599.9004,18954.0
SHREECEM.EQ-NSE,2020-12-18,24461.0,24732.0508,24301.8008,24648.9492,25248.0
SHREECEM.EQ-NSE,2020-12-21,24500.0508,24540.8496,23249.1504,23750.0,16683.0
SHREECEM.EQ-NSE,2020-12-22,23749.9492,24070.25,23389.0508,23833.25,12958.0
SHREECEM.EQ-NSE,2020-12-23,23916.6992,24240.0,23830.9004,23950.0,9595.0
SHREECEM.EQ-NSE,2020-12-24,24250.0,24259.9492,23554.0996,23786.5,13765.0
SHREECEM.EQ-NSE,2020-12-28,23952.25,24109.9492,23571.0508,23745.0,16324.0
SHREECEM.EQ-NSE,2020-12-29,23806.3496,23906.75,23680.0,23825.0,8857.0
SHREECEM.EQ-NSE,2020-12-30,23872.3008,24701.5996,23750.0,24549.8496,17353.0
SHREECEM.EQ-NSE,2020-12-31,24461.75,24533.75,23866.0,24000.0,21457.0
SHREECEM.EQ-NSE,2021-01-01,24052.3008,24276.5,23865.0,23990.0,16032.0
SHREECEM.EQ-NSE,2021-01-04,24140.0,24225.0,23862.0,24089.0,11569.0
SHREECEM.EQ-NSE,2021-01-05,24150.0,24156.9492,23701.0508,23922.0,13409.0
SHREECEM.EQ-NSE,2021-01-06,24034.0,24947.4004,23850.0,24699.0,15523.0
SHREECEM.EQ-NSE,2021-01-07,24750.0,25200.0,24659.8496,25020.0,15080.0
SHREECEM.EQ-NSE,2021-01-08,25020.0,25979.5,25000.0,25899.75,16711.0
SHREECEM.EQ-NSE,2021-01-11,25752.0,25950.0,25400.0,25413.0,16599.0
SHREECEM.EQ-NSE,2021-01-12,25500.9004,25890.0,25221.0,25354.9492,15452.0
SHREECEM.EQ-NSE,2021-01-13,25503.9004,25600.0,24567.5,24700.0,71318.0
SHREECEM.EQ-NSE,2021-01-14,24802.0,24913.8496,24475.0,24724.0508,34616.0
SHREECEM.EQ-NSE,2021-01-15,24724.0,24844.6992,24212.8496,24361.5,35196.0
SHREECEM.EQ-NSE,2021-01-18,24400.0,24400.0,23610.0,23700.0,41756.0
SHREECEM.EQ-NSE,2021-01-19,23801.0,24474.8496,23789.0,24340.0,38242.0
SHREECEM.EQ-NSE,2021-01-20,24469.9492,24469.9492,23835.6504,23930.0,48356.0
SHREECEM.EQ-NSE,2021-01-21,24021.0,24299.8008,23602.0,23791.0,51727.0
SHREECEM.EQ-NSE,2021-01-22,23799.0,24142.0,23612.4492,23780.0,52127.0
SHREECEM.EQ-NSE,2021-01-25,24047.1992,24047.1992,23160.8008,23225.0,55317.0
SHREECEM.EQ-NSE,2021-01-27,23280.0,23399.5508,22745.1992,22919.0,62532.0
SHREECEM.EQ-NSE,2021-01-28,22744.9492,23189.8496,22670.6504,22950.3008,41664.0
SHREECEM.EQ-NSE,2021-01-29,23294.5508,23294.5508,22531.0,22550.0,57936.0
SHREECEM.EQ-NSE,2021-02-01,23100.0,24690.4492,22711.9492,24600.0,112033.0
SHREECEM.EQ-NSE,2021-02-02,24543.6504,26650.0,24200.5508,26333.5,188527.0
SHREECEM.EQ-NSE,2021-02-03,26333.5,26579.0,25731.0508,26000.0,110527.0
SHREECEM.EQ-NSE,2021-02-04,25900.0508,27329.25,25607.5996,27329.25,135012.0
SHREECEM.EQ-NSE,2021-02-05,27112.5,27286.9492,26614.0508,26722.0,62954.0
SHREECEM.EQ-NSE,2021-02-08,26900.0,28287.5,26750.0508,27950.0508,183865.0
SHREECEM.EQ-NSE,2021-02-09,27499.9004,28599.0996,27400.8008,28250.5,136981.0
SHREECEM.EQ-NSE,2021-02-10,28210.1992,28596.0,27853.0508,28270.0,86475.0
SHREECEM.EQ-NSE,2021-02-11,28268.0,28500.0,28010.25,28150.1504,54049.0
SHREECEM.EQ-NSE,2021-02-12,28200.0,28475.0,27800.0,28000.5,57556.0
SHREECEM.EQ-NSE,2021-02-15,28125.0,28840.0,28101.3496,28639.9492,61236.0
SHREECEM.EQ-NSE,2021-02-16,28639.9492,29090.0,28426.0996,28720.0,70159.0
SHREECEM.EQ-NSE,2021-02-17,28569.4004,28840.4492,28150.0508,28340.0,40971.0
SHREECEM.EQ-NSE,2021-02-18,28550.0508,28574.1504,27358.5996,27740.0,63741.0
SHREECEM.EQ-NSE,2021-02-19,27623.0,27857.4492,26753.3496,27529.0,50063.0
SHREECEM.EQ-NSE,2021-02-22,27620.0,27750.0,26927.8008,26947.5996,28296.0
SHREECEM.EQ-NSE,2021-02-23,27173.8008,27532.0508,26770.0,27379.8008,46414.0
SHREECEM.EQ-NSE,2021-02-24,27365.6504,27392.4004,27032.0508,27260.3496,11192.0
SHREECEM.EQ-NSE,2021-02-25,27550.0996,27879.9004,27238.3008,27485.0,52069.0
SHREECEM.EQ-NSE,2021-02-26,27458.0996,27720.5,26169.9004,26318.1504,76671.0
SHREECEM.EQ-NSE,2021-03-01,26751.9004,27832.5,26659.1504,27665.0,58663.0
SHREECEM.EQ-NSE,2021-03-02,27750.0,27800.0,27280.0508,27755.0,39205.0
SHREECEM.EQ-NSE,2021-03-03,27760.0508,28159.5508,27550.75,27678.9004,40504.0
SHREECEM.EQ-NSE,2021-03-04,27410.0508,28850.0,27335.0508,28500.0,83124.0
SHREECEM.EQ-NSE,2021-03-05,28399.0996,28894.8496,27740.9492,27825.1504,65267.0
SHREECEM.EQ-NSE,2021-03-08,27850.0,28486.9492,27093.1992,27240.0,57023.0
SHREECEM.EQ-NSE,2021-03-09,27446.75,27980.0,27151.8496,27250.0,59049.0
SHREECEM.EQ-NSE,2021-03-10,27538.5996,27693.8496,27300.0,27580.0,29676.0
SHREECEM.EQ-NSE,2021-03-12,27885.0,27980.0,27541.0,27630.0,43725.0
SHREECEM.EQ-NSE,2021-03-15,27800.0,27850.0,27005.0996,27713.0,32540.0
SHREECEM.EQ-NSE,2021-03-16,27715.0996,27948.25,27351.0996,27360.0,38105.0
SHREECEM.EQ-NSE,2021-03-17,27498.5508,27550.0,26710.9004,26900.0,38385.0
SHREECEM.EQ-NSE,2021-03-18,27100.0,27269.9492,26450.0,26669.75,38425.0
SHREECEM.EQ-NSE,2021-03-19,26499.9492,27118.25,26100.0,26899.1992,74082.0
SHREECEM.EQ-NSE,2021-03-22,26949.9492,27214.1504,26618.0,26940.1504,45334.0
SHREECEM.EQ-NSE,2021-03-23,26954.5,28500.0,26951.3496,28400.0,123065.0
SHREECEM.EQ-NSE,2021-03-24,28199.3496,28390.6504,27719.9004,27840.0,62900.0
SHREECEM.EQ-NSE,2021-03-25,27900.0,28139.9492,27264.9492,27570.0,64264.0
SHREECEM.EQ-NSE,2021-03-26,27810.6992,28319.9492,27673.0508,28150.0,74081.0
SHREECEM.EQ-NSE,2021-03-30,28500.9492,29500.0,28301.8008,29500.0,94263.0
SHREECEM.EQ-NSE,2021-03-31,29050.0,29660.0,28756.0,29410.0,82669.0
SHREECEM.EQ-NSE,2021-04-01,29570.0,30279.5,29445.4004,29850.0,52659.0
SHREECEM.EQ-NSE,2021-04-05,29851.0,30628.4004,29650.0,30375.0,124312.0
SHREECEM.EQ-NSE,2021-04-06,30350.0,30500.0,30010.3496,30150.0,52813.0
SHREECEM.EQ-NSE,2021-04-07,30140.0,30580.6992,29953.0,30251.4004,40477.0
SHREECEM.EQ-NSE,2021-04-08,30349.9004,32048.0,30262.3008,31680.0,148037.0
SHREECEM.EQ-NSE,2021-04-09,31700.0,31990.0,31120.0,31601.4492,100216.0
SHREECEM.EQ-NSE,2021-04-12,31299.8496,31497.4004,29757.8496,30198.5996,114556.0
SHREECEM.EQ-NSE,2021-04-13,30200.0,30699.9004,30110.0,30420.9492,91514.0
SHREECEM.EQ-NSE,2021-04-15,30460.0996,30896.0508,29514.0,30400.0,72113.0
SHREECEM.EQ-NSE,2021-04-16,30440.0,30988.8008,30056.1504,30612.0508,58209.0
SHREECEM.EQ-NSE,2021-04-19,30099.8496,30490.3008,29557.3008,30022.9492,52825.0
SHREECEM.EQ-NSE,2021-04-20,30589.9492,30655.8008,29051.0,29230.0,72411.0
SHREECEM.EQ-NSE,2021-04-22,29170.0,29198.8496,28083.3496,28509.1504,82814.0
SHREECEM.EQ-NSE,2021-04-23,28402.0508,28673.3496,27926.0,28080.0,70857.0
SHREECEM.EQ-NSE,2021-04-26,28295.0,28444.1504,27951.0508,28050.0,40295.0
SHREECEM.EQ-NSE,2021-04-27,28065.0508,28325.0,27965.0,28063.1992,31317.0
SHREECEM.EQ-NSE,2021-04-28,28227.3008,28781.0,28105.0996,28600.0,33861.0
SHREECEM.EQ-NSE,2021-04-29,28731.0508,29050.0,28249.4004,28495.0,47468.0
SHREECEM.EQ-NSE,2021-04-30,28300.6992,28432.3496,27808.1504,27900.0,32088.0
SHREECEM.EQ-NSE,2021-05-03,27748.5996,28080.5508,27327.5996,27904.25,38646.0
SHREECEM.EQ-NSE,2021-05-04,28111.5,28111.5,27531.0,27800.0,41796.0
SHREECEM.EQ-NSE,2021-05-05,27815.1992,28044.4004,27713.3008,27874.5,24197.0
SHREECEM.EQ-NSE,2021-05-06,27845.0,27946.25,27500.0,27771.5996,33301.0
SHREECEM.EQ-NSE,2021-05-07,27777.0508,27948.25,27700.0,27790.0,21515.0
SHREECEM.EQ-NSE,2021-05-10,27901.0508,28035.1504,27238.4004,27309.9492,49701.0
SHREECEM.EQ-NSE,2021-05-11,27150.5996,27580.8008,26744.1992,27496.5508,60752.0
SHREECEM.EQ-NSE,2021-05-12,27450.0,27450.0,26752.0,26868.0508,59306.0
SHREECEM.EQ-NSE,2021-05-14,26917.4004,27007.75,26510.0,26659.1504,37300.0
SHREECEM.EQ-NSE,2021-05-17,26749.0,27399.9492,26600.4492,27250.0,37989.0
SHREECEM.EQ-NSE,2021-05-18,27500.0,27675.0,27250.0,27510.5508,51911.0
SHREECEM.EQ-NSE,2021-05-19,27426.5,28244.4492,27321.6504,27550.0,61857.0
SHREECEM.EQ-NSE,2021-05-20,27700.0,27800.0,27370.0508,27569.9492,33296.0
SHREECEM.EQ-NSE,2021-05-21,27700.1992,27975.0,27538.4492,27615.0,48119.0
SHREECEM.EQ-NSE,2021-05-24,27603.3008,27611.0,26751.0,26930.0,104291.0
SHREECEM.EQ-NSE,2021-05-25,27049.4492,27334.8008,26900.0,26955.5508,51539.0
SHREECEM.EQ-NSE,2021-05-26,27063.0,27199.0,26863.5508,27060.0,34906.0
SHREECEM.EQ-NSE,2021-05-27,27077.6504,28240.0,26920.0996,28100.0,93155.0
SHREECEM.EQ-NSE,2021-05-28,28109.0,28240.0,27540.5996,27599.0,50182.0
SHREECEM.EQ-NSE,2021-05-31,27920.0,28515.0,27250.0,27651.0,133912.0
SHREECEM.EQ-NSE,2021-06-01,27700.0508,28085.6992,27414.9004,27586.0508,41272.0
SHREECEM.EQ-NSE,2021-06-02,27595.5508,28008.0,27553.3008,27870.0,38919.0
SHREECEM.EQ-NSE,2021-06-03,27975.0,28400.0,27932.3008,28300.0996,46960.0
SHREECEM.EQ-NSE,2021-06-04,28299.5508,28428.75,28090.0,28100.0,26795.0
SHREECEM.EQ-NSE,2021-06-07,28209.9492,29344.8496,28209.9492,28851.1504,89704.0
SHREECEM.EQ-NSE,2021-06-08,29139.5,29199.0,28647.0,28802.0,49049.0
SHREECEM.EQ-NSE,2021-06-09,28820.0508,28889.0508,28300.1992,28370.9004,46168.0
SHREECEM.EQ-NSE,2021-06-10,28501.8496,29124.0,28120.4004,28288.0,54774.0
SHREECEM.EQ-NSE,2021-06-11,28475.8008,28564.5508,27980.0,28065.0,38592.0
SHREECEM.EQ-NSE,2021-06-14,28119.25,28385.0,27752.1992,28362.3496,43111.0
SHREECEM.EQ-NSE,2021-06-15,28299.4004,28650.0,28214.3008,28465.0,25233.0
SHREECEM.EQ-NSE,2021-06-16,28449.3496,28590.0,28132.5,28165.9004,15168.0
SHREECEM.EQ-NSE,2021-06-17,28139.75,28800.0,28137.5,28205.0,39353.0
SHREECEM.EQ-NSE,2021-06-18,28370.1992,28570.0,27878.8008,28020.0,51032.0
SHREECEM.EQ-NSE,2021-06-21,27878.0,28500.0,27718.1992,28110.0996,18839.0
SHREECEM.EQ-NSE,2021-06-22,28351.1992,29506.8496,28278.3008,29161.1504,73586.0
SHREECEM.EQ-NSE,2021-06-23,29274.3496,29315.4004,28749.8008,28825.1504,24518.0
SHREECEM.EQ-NSE,2021-06-24,28948.5996,29094.9492,28600.0,28603.0,23449.0
SHREECEM.EQ-NSE,2021-06-25,28690.0,28899.6992,28605.0,28660.3008,19646.0
SHREECEM.EQ-NSE,2021-06-28,28740.4004,28943.3496,28350.1504,28399.9492,21553.0
SHREECEM.EQ-NSE,2021-06-29,28467.6992,28467.6992,28100.3008,28150.0,25817.0
SHREECEM.EQ-NSE,2021-06-30,27829.9492,28450.0,27451.0,27599.9492,55569.0
SHREECEM.EQ-NSE,2021-07-01,27600.1992,27600.1992,26946.0,27205.0,67166.0
SHREECEM.EQ-NSE,2021-07-02,27207.0,27269.5508,26840.0508,27050.0,49898.0
SHREECEM.EQ-NSE,2021-07-05,27130.0,27250.0,26950.0,27000.0,25449.0
SHREECEM.EQ-NSE,2021-07-06,27011.6504,27925.0,27000.0,27800.0,92971.0
SHREECEM.EQ-NSE,2021-07-07,27720.0,28114.0996,27169.4492,27610.0,78689.0
SHREECEM.EQ-NSE,2021-07-08,27690.0,28090.0,27441.6992,27500.0,53938.0
SHREECEM.EQ-NSE,2021-07-09,27544.9492,27632.75,27230.0,27523.0,45522.0
SHREECEM.EQ-NSE,2021-07-12,27600.0,28419.0,27584.0508,28022.0508,66011.0
SHREECEM.EQ-NSE,2021-07-13,28182.5,28413.3008,27800.0,28050.0,32059.0
SHREECEM.EQ-NSE,2021-07-14,27999.9492,28490.0,27860.25,28370.0,38178.0
SHREECEM.EQ-NSE,2021-07-15,28414.0,28580.0,28251.3008,28435.0,25111.0
SHREECEM.EQ-NSE,2021-07-16,28427.0,28500.0,28000.0,28070.0,37642.0
SHREECEM.EQ-NSE,2021-07-19,28096.1504,28108.0996,27817.0996,28099.9492,24370.0
SHREECEM.EQ-NSE,2021-07-20,28100.0,28555.0,28000.0,28025.0,71701.0
SHREECEM.EQ-NSE,2021-07-22,28150.0,28226.25,27915.0,28066.0,22636.0
SHREECEM.EQ-NSE,2021-07-23,28124.5508,28227.6504,27855.1992,27913.0,26843.0
SHREECEM.EQ-NSE,2021-07-26,27913.0,28228.3496,27812.0508,27912.0,37412.0
SHREECEM.EQ-NSE,2021-07-27,28000.0,28473.0,27751.3008,27824.0,46117.0
SHREECEM.EQ-NSE,2021-07-28,27990.0,27996.9004,27162.8008,27499.0,23555.0
SHREECEM.EQ-NSE,2021-07-29,27550.0996,27877.4492,27500.0,27672.3496,26468.0
SHREECEM.EQ-NSE,2021-07-30,27661.0508,28333.75,27583.1504,28250.0,45484.0
SHREECEM.EQ-NSE,2021-08-02,28280.1992,29375.0,28280.1992,29260.0996,86748.0
SHREECEM.EQ-NSE,2021-08-03,29325.0,29410.0,28909.0996,29170.0,46430.0
SHREECEM.EQ-NSE,2021-08-04,29417.0,30100.0,29017.0508,29085.0,80451.0
SHREECEM.EQ-NSE,2021-08-05,29280.0,29429.8008,28869.9492,28882.0,28819.0
SHREECEM.EQ-NSE,2021-08-06,28936.0,29019.25,28332.0,28420.0,30738.0
SHREECEM.EQ-NSE,2021-08-09,28632.0508,28999.0,28052.3496,28250.0,30490.0
SHREECEM.EQ-NSE,2021-08-10,28127.5996,28175.5996,27003.3496,27129.0,122766.0
SHREECEM.EQ-NSE,2021-08-11,27150.0,27418.0,26385.0508,26550.0,90973.0
SHREECEM.EQ-NSE,2021-08-12,26647.9004,27062.1504,26500.0508,26625.0,75414.0
SHREECEM.EQ-NSE,2021-08-13,26702.1504,27050.0,26525.6504,26585.1992,49593.0
SHREECEM.EQ-NSE,2021-08-16,26699.9492,26733.8008,25940.1992,26000.0,74847.0
SHREECEM.EQ-NSE,2021-08-17,26068.1992,26250.0,25725.0508,26230.0,36931.0
SHREECEM.EQ-NSE,2021-08-18,26239.0,26560.0,26115.0,26323.5996,52376.0
SHREECEM.EQ-NSE,2021-08-20,26050.0,26365.0,25865.6504,26250.0508,35443.0
SHREECEM.EQ-NSE,2021-08-23,26400.0,26450.0,25805.25,25854.4004,58293.0
SHREECEM.EQ-NSE,2021-08-24,25986.0,26359.8496,25749.6504,26220.0,31015.0
SHREECEM.EQ-NSE,2021-08-25,26232.9492,26459.75,26192.0,26248.0,23824.0
SHREECEM.EQ-NSE,2021-08-26,26251.0,26630.0,26116.0,26526.0,49367.0
SHREECEM.EQ-NSE,2021-08-27,26605.0508,27031.5996,26450.75,26870.1504,43480.0
SHREECEM.EQ-NSE,2021-08-30,26975.0,27420.0,26830.8008,27138.0,41319.0
SHREECEM.EQ-NSE,2021-08-31,27140.0,28469.0,27048.75,28250.0,101981.0
SHREECEM.EQ-NSE,2021-09-01,28296.0,28600.0,27948.0996,28550.0,75674.0
SHREECEM.EQ-NSE,2021-09-02,28597.0,30514.8496,28480.0,30050.5508,156987.0
SHREECEM.EQ-NSE,2021-09-03,30290.0996,30590.8008,29962.0996,30400.0,81346.0
SHREECEM.EQ-NSE,2021-09-06,30485.5996,31256.9492,30400.0508,30423.0,96308.0
SHREECEM.EQ-NSE,2021-09-07,30510.0,30872.9492,30260.1504,30700.0,59672.0
SHREECEM.EQ-NSE,2021-09-08,30734.5,30930.3008,30300.0,30800.0,45716.0
SHREECEM.EQ-NSE,2021-09-09,30750.0,30830.0,30401.0,30635.0,38418.0
SHREECEM.EQ-NSE,2021-09-13,30672.0,30832.6504,30327.4492,30580.1992,28598.0
SHREECEM.EQ-NSE,2021-09-14,30670.25,30785.0,30403.0,30607.0996,32946.0
SHREECEM.EQ-NSE,2021-09-15,30769.8496,31469.9492,30650.0,31080.0,83745.0
SHREECEM.EQ-NSE,2021-09-16,31100.0,31246.25,30305.3496,30650.1504,92519.0
SHREECEM.EQ-NSE,2021-09-17,30815.5508,31039.4004,30128.0,30533.75,78373.0
SHREECEM.EQ-NSE,2021-09-20,30259.5,30700.0,29838.25,29951.0508,52681.0
SHREECEM.EQ-NSE,2021-09-21,30299.5508,30354.6504,29486.25,30055.0,66782.0
SHREECEM.EQ-NSE,2021-09-22,30130.0,30247.3008,29575.0508,29848.0,43992.0
SHREECEM.EQ-NSE,2021-09-23,29851.1992,30090.5,29554.6504,29900.0,35687.0
SHREECEM.EQ-NSE,2021-09-24,29998.9492,30036.3496,29120.0508,29330.0,45239.0
SHREECEM.EQ-NSE,2021-09-27,29632.1504,29820.0,29288.3496,29449.9492,27984.0
SHREECEM.EQ-NSE,2021-09-28,29499.0,29800.0,29090.5996,29190.0,31217.0
SHREECEM.EQ-NSE,2021-09-29,29212.9492,29525.0996,29168.0,29310.0,20534.0
SHREECEM.EQ-NSE,2021-09-30,29350.0,29399.9492,28750.0,28752.0,29294.0
SHREECEM.EQ-NSE,2021-10-01,28819.9004,29198.0,28581.8496,29002.0,33858.0
SHREECEM.EQ-NSE,2021-10-04,29213.75,29340.0,29040.5,29288.5,22474.0
SHREECEM.EQ-NSE,2021-10-05,29280.0,29425.25,28701.0,28750.0,42022.0
SHREECEM.EQ-NSE,2021-10-06,28810.0,28931.25,28006.1992,28090.0,35032.0
SHREECEM.EQ-NSE,2021-10-07,28250.0,28344.8008,27869.4004,28009.0996,43339.0
SHREECEM.EQ-NSE,2021-10-08,28218.0996,28218.0996,27721.9492,27755.0,29861.0
SHREECEM.EQ-NSE,2021-10-11,27760.3496,28096.25,27627.0,28029.9004,25276.0
SHREECEM.EQ-NSE,2021-10-12,28020.0,28089.5996,27661.0,27775.0,30594.0
SHREECEM.EQ-NSE,2021-10-13,27776.25,28240.0,27684.4004,27900.5,53020.0
SHREECEM.EQ-NSE,2021-10-14,27980.0,28300.0,27911.1504,28005.0,46285.0
SHREECEM.EQ-NSE,2021-10-18,28056.6504,28300.0,27950.0,28189.9492,35419.0
SHREECEM.EQ-NSE,2021-10-19,28249.4492,28393.3496,27556.1992,27647.9492,20284.0
SHREECEM.EQ-NSE,2021-10-20,27786.4004,28027.25,27296.3496,27595.1504,36020.0
SHREECEM.EQ-NSE,2021-10-21,27733.4004,27786.75,27199.6504,27746.5,26417.0
SHREECEM.EQ-NSE,2021-10-22,27847.3008,28014.25,27226.0,27699.9004,27100.0
SHREECEM.EQ-NSE,2021-10-25,27625.0,27738.1504,26811.1992,27250.0,20622.0
SHREECEM.EQ-NSE,2021-10-26,27320.0,27995.0,27319.0,27848.0,28360.0
SHREECEM.EQ-NSE,2021-10-27,27800.0,28480.0996,27654.9004,27995.0,50391.0
SHREECEM.EQ-NSE,2021-10-28,28244.0,28437.3008,27861.25,28250.0,39871.0
SHREECEM.EQ-NSE,2021-10-29,28395.3008,29000.0,27705.0,28602.0,35256.0
SHREECEM.EQ-NSE,2021-11-01,28800.0,29600.0,28600.0,29175.0,55554.0
SHREECEM.EQ-NSE,2021-11-02,29299.0996,29424.9492,28705.25,28921.0,21143.0
SHREECEM.EQ-NSE,2021-11-03,28922.0508,29131.0,28700.0,28900.0,33153.0
SHREECEM.EQ-NSE,2021-11-08,29060.1992,29818.9004,28978.4492,29550.0,38143.0
SHREECEM.EQ-NSE,2021-11-09,29440.0,29760.0,29151.5,29200.0,18325.0
SHREECEM.EQ-NSE,2021-11-10,29171.1504,29428.9004,28965.0,29225.0,22980.0
SHREECEM.EQ-NSE,2021-11-11,29198.5,29298.4004,28850.0,29066.9492,18552.0
SHREECEM.EQ-NSE,2021-11-12,29149.75,29539.9004,28869.5996,29400.0,23624.0
SHREECEM.EQ-NSE,2021-11-15,29450.0,29748.0,29031.25,29058.3008,12887.0
SHREECEM.EQ-NSE,2021-11-16,29177.1992,29275.4492,28002.25,28150.0,46149.0
SHREECEM.EQ-NSE,2021-11-17,28148.0,28294.4492,27618.75,27700.0,29184.0
SHREECEM.EQ-NSE,2021-11-18,27692.0,28024.75,26935.0508,27100.0,40720.0
SHREECEM.EQ-NSE,2021-11-22,27290.0,27290.0,26327.5996,26700.0,23720.0
SHREECEM.EQ-NSE,2021-11-23,26505.0,26926.5508,26205.5,26650.0,32491.0
SHREECEM.EQ-NSE,2021-11-24,26895.0,27000.0,26665.0,26665.0,29198.0
SHREECEM.EQ-NSE,2021-11-25,26700.0,26823.1992,26302.0996,26638.0,31225.0
SHREECEM.EQ-NSE,2021-11-26,26450.0,26539.9004,25812.0,25900.0,29506.0
SHREECEM.EQ-NSE,2021-11-29,25900.0,25925.0,25198.25,25540.0508,27356.0
SHREECEM.EQ-NSE,2021-11-30,25500.0,26350.0,25330.9492,26349.9492,97629.0
SHREECEM.EQ-NSE,2021-12-01,26375.8008,26426.3496,25850.0,26101.0,30410.0
SHREECEM.EQ-NSE,2021-12-02,26199.0,26749.0,26020.1504,26300.8008,40532.0
SHREECEM.EQ-NSE,2021-12-03,26300.0,26419.9004,25563.6504,25860.0508,62593.0
SHREECEM.EQ-NSE,2021-12-06,25933.5,26149.4492,25529.9492,25590.0,22516.0
SHREECEM.EQ-NSE,2021-12-07,25720.0,26089.8496,25613.0996,25800.0,22587.0
SHREECEM.EQ-NSE,2021-12-08,25939.8496,26279.5508,25850.0,26106.9004,15134.0
SHREECEM.EQ-NSE,2021-12-09,26250.0,26465.0,25859.1504,26330.0,23732.0
SHREECEM.EQ-NSE,2021-12-10,26305.0,26527.5996,26182.6992,26263.1504,20147.0
SHREECEM.EQ-NSE,2021-12-13,26450.0508,26636.0996,26176.1992,26333.75,25356.0
SHREECEM.EQ-NSE,2021-12-14,26349.6504,26500.0,25968.9004,26410.0,24207.0
SHREECEM.EQ-NSE,2021-12-15,26415.0508,26415.0508,26102.0,26300.0,26680.0
SHREECEM.EQ-NSE,2021-12-16,26400.0,26500.0,25936.4004,26281.6504,24953.0
SHREECEM.EQ-NSE,2021-12-17,26174.0,26332.25,25857.0508,26155.5,27792.0
SHREECEM.EQ-NSE,2021-12-20,26140.0,26140.0,25000.0508,25341.6504,38826.0
SHREECEM.EQ-NSE,2021-12-21,25655.0996,26280.0,25371.0,25893.6504,32925.0
SHREECEM.EQ-NSE,2021-12-22,25842.5996,26268.5996,25677.0508,26200.0,16320.0
SHREECEM.EQ-NSE,2021-12-23,26300.0,26390.0,25912.0996,26350.0,29438.0
SHREECEM.EQ-NSE,2021-12-24,26450.0,26510.0,25929.8496,26267.0,15991.0
SHREECEM.EQ-NSE,2021-12-27,26160.1992,26450.0,25910.25,26379.9492,7705.0
SHREECEM.EQ-NSE,2021-12-28,26382.0,26750.3008,26328.4492,26701.0,18848.0
SHREECEM.EQ-NSE,2021-12-29,26650.0,26745.1504,26460.0996,26550.0,25974.0
SHREECEM.EQ-NSE,2021-12-30,26600.0,26844.9492,26100.0,26449.0,26089.0
SHREECEM.EQ-NSE,2021-12-31,26450.4004,27323.8496,26450.4004,26980.0,28873.0
SHREECEM.EQ-NSE,2022-01-03,27000.0,27349.8496,26890.0,27265.0,19510.0
SHREECEM.EQ-NSE,2022-01-04,27240.0,27335.5508,26658.5,26950.0,26186.0
SHREECEM.EQ-NSE,2022-01-05,26900.9492,27300.0,26850.1992,27269.9004,17114.0
SHREECEM.EQ-NSE,2022-01-06,27136.3008,27167.0996,26250.6504,26509.0,25370.0
SHREECEM.EQ-NSE,2022-01-07,26699.9492,27266.25,26572.5508,27029.9004,32636.0
SHREECEM.EQ-NSE,2022-01-10,27000.0,27236.9492,26820.0508,27000.5,21376.0
SHREECEM.EQ-NSE,2022-01-11,27000.0,27220.0,26800.0,26998.1992,26707.0
SHREECEM.EQ-NSE,2022-01-12,27127.0,27283.6992,26583.0,26750.0,41871.0
SHREECEM.EQ-NSE,2022-01-13,26888.0,26950.0,26360.0,26819.75,31913.0
SHREECEM.EQ-NSE,2022-01-14,26830.0,27150.0,26577.25,27000.0,24032.0
SHREECEM.EQ-NSE,2022-01-17,27005.0,27936.75,26654.5,27493.8008,47636.0
SHREECEM.EQ-NSE,2022-01-18,27550.0508,27639.6504,26850.0,26900.0,43983.0
SHREECEM.EQ-NSE,2022-01-19,26950.5,27099.5,26350.0,26395.0,48320.0
SHREECEM.EQ-NSE,2022-01-20,26415.4004,26713.0,25954.9004,26040.0,40018.0
SHREECEM.EQ-NSE,2022-01-21,25850.0,25879.9492,24811.5508,24900.0,133519.0
SHREECEM.EQ-NSE,2022-01-24,25141.5,25289.9492,24072.5996,24359.5508,50385.0
SHREECEM.EQ-NSE,2022-01-25,24198.8008,24671.9492,23500.0508,24495.4492,43112.0
SHREECEM.EQ-NSE,2022-01-27,24390.0,24390.0,23752.1504,24000.0,38666.0
SHREECEM.EQ-NSE,2022-01-28,24136.6992,24597.8008,24000.5,24050.0,24036.0
SHREECEM.EQ-NSE,2022-01-31,24500.0,24549.8496,24210.5996,24239.8008,19504.0
SHREECEM.EQ-NSE,2022-02-01,24500.0,25635.0,24340.0508,25526.0996,78065.0
SHREECEM.EQ-NSE,2022-02-02,25590.0,25884.5996,25160.0,25275.0,25348.0
SHREECEM.EQ-NSE,2022-02-03,25399.9492,25399.9492,24712.0508,24770.0,21405.0
SHREECEM.EQ-NSE,2022-02-04,24805.0,25224.0,24625.0,24710.0,34065.0
SHREECEM.EQ-NSE,2022-02-07,24491.0508,25125.0,24300.0,24879.9492,38821.0
SHREECEM.EQ-NSE,2022-02-08,24940.0,25029.75,24507.0508,24799.9492,29039.0
SHREECEM.EQ-NSE,2022-02-09,24810.0,25599.0,24677.8496,25580.0,32123.0
SHREECEM.EQ-NSE,2022-02-10,25500.0,25559.9004,25183.1504,25238.0,19230.0
SHREECEM.EQ-NSE,2022-02-11,25174.5508,25174.5508,24680.0508,24865.75,19417.0
SHREECEM.EQ-NSE,2022-02-14,24630.0,24630.0,23511.0,23515.0,35068.0
SHREECEM.EQ-NSE,2022-02-15,23589.1992,24972.8496,23589.1992,24839.0,53431.0
SHREECEM.EQ-NSE,2022-02-16,24931.5,25184.5996,24565.6992,24822.6992,35909.0
SHREECEM.EQ-NSE,2022-02-17,25140.0,25181.9004,24579.25,24660.0,30384.0
SHREECEM.EQ-NSE,2022-02-18,24660.0,24740.0,24110.0996,24417.0,36507.0
SHREECEM.EQ-NSE,2022-02-21,24350.0,24993.0,24050.0508,24650.0,65631.0
SHREECEM.EQ-NSE,2022-02-22,24000.0,24550.0,23910.0,24500.0,62186.0
SHREECEM.EQ-NSE,2022-02-23,24600.0,24799.3496,24146.0,24440.0,46865.0
SHREECEM.EQ-NSE,2022-02-24,24111.3496,24229.1992,22832.0,23100.0,93635.0
SHREECEM.EQ-NSE,2022-02-25,23615.3008,24090.0,23500.0,23990.0,46868.0
SHREECEM.EQ-NSE,2022-02-28,23850.0,24496.0,23560.3008,24496.0,39932.0
SHREECEM.EQ-NSE,2022-03-02,24099.9492,24200.0,23656.0,23955.0,43840.0
SHREECEM.EQ-NSE,2022-03-03,24099.0,24226.0,22748.4492,22848.0,80580.0
SHREECEM.EQ-NSE,2022-03-04,22898.9492,22899.0,22116.6504,22550.0,92483.0
SHREECEM.EQ-NSE,2022-03-07,22149.8496,22370.1504,21650.0,22050.0,55276.0
SHREECEM.EQ-NSE,2022-03-08,21984.6992,22703.9492,21712.0,22213.5508,51741.0
SHREECEM.EQ-NSE,2022-03-09,22500.9004,22697.9004,21848.5508,21990.0,246305.0
SHREECEM.EQ-NSE,2022-03-10,22431.3008,22749.9004,22050.0,22098.0,340615.0
SHREECEM.EQ-NSE,2022-03-11,22060.0996,22434.4004,21919.3008,22400.0,45043.0
SHREECEM.EQ-NSE,2022-03-14,22397.9492,22424.9492,21960.0,22388.9492,31339.0
SHREECEM.EQ-NSE,2022-03-15,22411.3008,22850.0,22301.0508,22769.0,83237.0
SHREECEM.EQ-NSE,2022-03-16,22994.8496,23714.8496,22762.9004,23491.0,58074.0
SHREECEM.EQ-NSE,2022-03-17,23823.0,24385.0,23701.4004,24130.0,64997.0
SHREECEM.EQ-NSE,2022-03-21,24120.0,24188.0,23333.0,23416.0,50827.0
SHREECEM.EQ-NSE,2022-03-22,23389.0,23669.5,23032.0,23380.0,39071.0
SHREECEM.EQ-NSE,2022-03-23,23500.0,23650.0,23275.0,23421.5996,39533.0
SHREECEM.EQ-NSE,2022-03-24,23333.0508,23630.0,23200.1992,23225.1992,29900.0
SHREECEM.EQ-NSE,2022-03-25,23320.9492,23425.5,23151.0,23263.0,34292.0
SHREECEM.EQ-NSE,2022-03-28,23411.5508,23449.6992,22905.0,23182.9492,28302.0
SHREECEM.EQ-NSE,2022-03-29,23299.9004,23740.0,23230.0,23639.0,31207.0
SHREECEM.EQ-NSE,2022-03-30,23739.9492,24150.0,23709.5,24065.0,34258.0
SHREECEM.EQ-NSE,2022-03-31,24300.0,24329.5508,23905.75,23931.0,21765.0
SHREECEM.EQ-NSE,2022-04-01,24030.0,24651.0,23951.0508,24598.0,34865.0
SHREECEM.EQ-NSE,2022-04-04,24511.0508,24820.0,24328.9492,24645.4492,23486.0
SHREECEM.EQ-NSE,2022-04-05,24799.9004,25270.0,24682.5,25100.0,32578.0
SHREECEM.EQ-NSE,2022-04-06,25000.0,25278.5,24657.9492,24750.0,33601.0
SHREECEM.EQ-NSE,2022-04-07,24730.0,25066.4492,24567.0,24860.0,30072.0
SHREECEM.EQ-NSE,2022-04-08,24750.0,25290.0,24601.8496,25263.0,29783.0
SHREECEM.EQ-NSE,2022-04-11,25263.0,25492.8496,24951.0,25192.9492,35911.0
SHREECEM.EQ-NSE,2022-04-12,25112.0,25399.9492,24850.0,25079.3496,46558.0
SHREECEM.EQ-NSE,2022-04-13,25122.6504,25515.3496,25120.0,25360.0,36858.0
SHREECEM.EQ-NSE,2022-04-18,25360.0,25500.0508,24900.0,25420.1504,34453.0
SHREECEM.EQ-NSE,2022-04-19,25395.9492,25775.3496,24649.4004,24712.1504,38269.0
SHREECEM.EQ-NSE,2022-04-20,25000.0,25775.0,24880.0508,25775.0,46092.0
SHREECEM.EQ-NSE,2022-04-21,25750.0,26100.0,25625.0996,26061.0996,20556.0
SHREECEM.EQ-NSE,2022-04-22,25843.0,26015.0,25605.8496,25901.0508,17269.0
SHREECEM.EQ-NSE,2022-04-25,25700.5,26023.3496,25515.0,25698.0,26392.0
SHREECEM.EQ-NSE,2022-04-26,25975.0,26330.75,25840.5,26031.1992,26489.0
SHREECEM.EQ-NSE,2022-04-27,26011.0,26080.0,25441.9492,25460.0508,25986.0
SHREECEM.EQ-NSE,2022-04-28,25750.0,26075.0,25482.4004,25830.0,27792.0
SHREECEM.EQ-NSE,2022-04-29,26040.75,26340.0,25777.5508,25830.5508,34251.0
SHREECEM.EQ-NSE,2022-05-02,25812.8496,26284.75,25601.4492,26200.0,33559.0
SHREECEM.EQ-NSE,2022-05-04,26100.0508,26187.9004,25108.0996,25225.0,29193.0
SHREECEM.EQ-NSE,2022-05-05,25479.8496,26100.0,25018.0996,25150.0,33355.0
SHREECEM.EQ-NSE,2022-05-06,24850.0,25059.1992,23850.0,23901.4492,43899.0
SHREECEM.EQ-NSE,2022-05-09,23880.0,24187.6992,23500.0508,24169.0,35136.0
SHREECEM.EQ-NSE,2022-05-10,23899.1504,24516.9004,23899.1504,24480.0,33457.0
SHREECEM.EQ-NSE,2022-05-11,24460.0,24740.0,23251.0508,23499.0,43415.0
SHREECEM.EQ-NSE,2022-05-12,23172.0,23382.3008,22508.8496,22620.0508,43636.0
SHREECEM.EQ-NSE,2022-05-13,23080.0508,23080.0508,22400.0,22480.0,44786.0
SHREECEM.EQ-NSE,2022-05-16,22750.0,22844.0996,21690.0,22000.0,51311.0
SHREECEM.EQ-NSE,2022-05-17,22010.0,22223.3008,21790.0,22100.0,42964.0
SHREECEM.EQ-NSE,2022-05-18,22179.0508,22587.4004,21978.9492,22476.9004,57348.0
SHREECEM.EQ-NSE,2022-05-19,21705.1992,22300.0,21705.1992,22278.0,28125.0
SHREECEM.EQ-NSE,2022-05-20,22670.0,23975.0,21820.1504,22050.0,50521.0
SHREECEM.EQ-NSE,2022-05-23,21807.0,22174.9004,21750.0,22019.0,55788.0
SHREECEM.EQ-NSE,2022-05-24,22001.0,22098.8008,21575.0508,21585.0,39015.0
SHREECEM.EQ-NSE,2022-05-25,21739.9492,21779.0,21079.9492,21100.0,34110.0
SHREECEM.EQ-NSE,2022-05-26,21230.0,21866.0508,20676.0,21660.0,67067.0
SHREECEM.EQ-NSE,2022-05-27,21700.0,21986.0,21660.0508,21928.8008,17859.0
SHREECEM.EQ-NSE,2022-05-30,21985.9492,22639.6504,21905.4004,22390.0,30698.0
SHREECEM.EQ-NSE,2022-05-31,22370.0,22441.8496,22010.0996,22099.0,59934.0
SHREECEM.EQ-NSE,2022-06-01,22110.0,22172.5,21600.0,21780.0,29075.0
SHREECEM.EQ-NSE,2022-06-02,21779.0,21779.0,21414.0,21585.0,38774.0
SHREECEM.EQ-NSE,2022-06-03,21800.0,21848.9492,20550.0,20630.0,105048.0
SHREECEM.EQ-NSE,2022-06-06,20566.5996,20595.9492,19913.0,19990.4492,69027.0
SHREECEM.EQ-NSE,2022-06-07,19900.0,19991.0996,19502.0,19735.8496,72385.0
SHREECEM.EQ-NSE,2022-06-08,19900.0,19904.1992,19515.0,19549.0,72807.0
SHREECEM.EQ-NSE,2022-06-09,19570.0,19574.8496,19080.0508,19199.0,60645.0
SHREECEM.EQ-NSE,2022-06-10,18977.0,19331.5996,18760.8496,19180.0,64465.0
SHREECEM.EQ-NSE,2022-06-13,18603.5,19345.9492,18591.4004,19005.0,46323.0
SHREECEM.EQ-NSE,2022-06-14,19100.0,19424.9492,18898.1992,19152.0,36274.0
SHREECEM.EQ-NSE,2022-06-15,19347.0,19375.0,19051.0,19300.0,30354.0
SHREECEM.EQ-NSE,2022-06-16,19429.0,19489.9492,18650.0,18695.0,48983.0
SHREECEM.EQ-NSE,2022-06-17,18695.0,18711.8008,17980.1992,18027.0,75141.0
SHREECEM.EQ-NSE,2022-06-20,17941.1992,18503.5,17865.1992,18418.0,37268.0
SHREECEM.EQ-NSE,2022-06-21,18500.0,18680.0,18414.0,18550.0,26838.0
SHREECEM.EQ-NSE,2022-06-22,18590.0,18590.0,18135.0,18251.3496,27370.0
SHREECEM.EQ-NSE,2022-06-23,18495.0,18646.8008,18239.6504,18501.0,20723.0
SHREECEM.EQ-NSE,2022-06-24,18580.0,18937.4004,18561.4492,18710.6992,30246.0
SHREECEM.EQ-NSE,2022-06-27,18852.0996,19186.3496,18852.0996,19109.3496,28701.0
SHREECEM.EQ-NSE,2022-06-28,19000.0,19352.0,18815.0,19350.0,37366.0
SHREECEM.EQ-NSE,2022-06-29,19062.1504,19591.0,19011.1504,19400.0,124984.0
SHREECEM.EQ-NSE,2022-06-30,19449.0,19449.0,18870.0,18901.0,54307.0
SHREECEM.EQ-NSE,2022-07-01,19009.6992,19272.0,18898.8496,19233.0508,17663.0
SHREECEM.EQ-NSE,2022-07-04,19265.9492,19527.1504,19051.0,19350.0,18313.0
SHREECEM.EQ-NSE,2022-07-05,19363.1992,19693.0,19303.8008,19624.9492,35599.0
SHREECEM.EQ-NSE,2022-07-06,19450.0,20100.0,19400.0,20060.0,25129.0
SHREECEM.EQ-NSE,2022-07-07,20060.0,20172.9492,19920.0508,20000.0,19579.0
SHREECEM.EQ-NSE,2022-07-08,20348.0,20348.0,19860.0,19919.9492,21466.0
SHREECEM.EQ-NSE,2022-07-11,19919.9492,20040.5996,19764.0996,19800.0508,16698.0
SHREECEM.EQ-NSE,2022-07-12,19816.0,20500.0,19586.0508,19959.0,26551.0
SHREECEM.EQ-NSE,2022-07-13,19890.0508,20082.0,19651.5,19770.0,22752.0
SHREECEM.EQ-NSE,2022-07-14,19770.0,19945.9492,19375.0,19620.0,21813.0
SHREECEM.EQ-NSE,2022-07-15,19499.9492,19793.75,19450.0508,19730.0508,19538.0
SHREECEM.EQ-NSE,2022-07-18,19780.0,20099.0,19780.0,20065.0,18103.0
SHREECEM.EQ-NSE,2022-07-19,19980.0,20187.0,19902.3008,20045.0,16201.0
SHREECEM.EQ-NSE,2022-07-20,20290.0,20375.0,20112.9492,20121.0,19561.0
SHREECEM.EQ-NSE,2022-07-21,20208.1992,20510.0,20101.0,20423.3496,21404.0
SHREECEM.EQ-NSE,2022-07-22,20449.0,20887.1992,20351.0,20766.0508,45547.0
SHREECEM.EQ-NSE,2022-07-25,20645.8496,20815.3496,20311.1992,20610.0,27353.0
SHREECEM.EQ-NSE,2022-07-26,20610.0,20740.0,20400.0,20622.0,21904.0
SHREECEM.EQ-NSE,2022-07-27,20622.0,21130.0,20539.75,21029.9492,25214.0
SHREECEM.EQ-NSE,2022-07-28,21150.0,21622.0,20039.9492,20380.0,116757.0
SHREECEM.EQ-NSE,2022-07-29,20425.4004,20714.9004,20172.4492,20425.25,54175.0
SHREECEM.EQ-NSE,2022-08-01,20600.0,20985.1504,20550.0,20930.0,31952.0
SHREECEM.EQ-NSE,2022-08-02,20810.0996,21288.9004,20810.0996,21095.0,32602.0
SHREECEM.EQ-NSE,2022-08-03,21160.0508,21290.0,20834.0,20962.8496,22978.0
SHREECEM.EQ-NSE,2022-08-04,21050.0,21249.75,20539.9492,20621.5,28404.0
SHREECEM.EQ-NSE,2022-08-05,20721.0508,21277.0,20700.0996,21225.0,32940.0
SHREECEM.EQ-NSE,2022-08-08,21199.9492,21272.3008,21003.5,21103.0,20679.0
SHREECEM.EQ-NSE,2022-08-10,21240.0,21450.0,20855.0,21107.3008,25039.0
SHREECEM.EQ-NSE,2022-08-11,21210.4492,21450.0,21150.1504,21179.0,16953.0
SHREECEM.EQ-NSE,2022-08-12,21195.0,21300.0,21050.0,21147.0,16617.0
SHREECEM.EQ-NSE,2022-08-16,21200.0,21599.9004,21050.0,21385.0,31910.0
SHREECEM.EQ-NSE,2022-08-17,21499.0,21800.0,21361.25,21419.9004,28930.0
SHREECEM.EQ-NSE,2022-08-18,21400.0,21672.3496,21202.5508,21640.0,27308.0
SHREECEM.EQ-NSE,2022-08-19,21690.0,21775.0,21335.0,21400.0,26006.0
SHREECEM.EQ-NSE,2022-08-22,21382.0,21471.75,20818.4004,21024.9492,50240.0
SHREECEM.EQ-NSE,2022-08-23,20900.0,21295.5508,20742.0,21199.0,41097.0
SHREECEM.EQ-NSE,2022-08-24,21185.0,21444.4492,21080.0,21257.5,19535.0
SHREECEM.EQ-NSE,2022-08-25,21449.0,21935.9492,21349.3496,21630.0,88590.0
SHREECEM.EQ-NSE,2022-08-26,21712.5996,22200.6992,21580.0,22059.0,35647.0
SHREECEM.EQ-NSE,2022-08-29,21415.0,22226.0,21410.0,21880.0,33669.0
SHREECEM.EQ-NSE,2022-08-30,21960.0,22550.0,21900.0,22090.0,52016.0
SHREECEM.EQ-NSE,2022-09-01,22000.0,22050.8496,21545.0,21605.0,34132.0
SHREECEM.EQ-NSE,2022-09-02,21586.0,21607.8008,21011.0,21100.0,87076.0
SHREECEM.EQ-NSE,2022-09-05,21150.0,21367.8496,20801.0,21318.0,40646.0
SHREECEM.EQ-NSE,2022-09-06,21293.0,21700.0,21172.9004,21700.0,31023.0
SHREECEM.EQ-NSE,2022-09-07,21550.0,23574.4492,21500.0,23480.0,227361.0
SHREECEM.EQ-NSE,2022-09-08,23320.0,24880.0,23146.9004,24350.0,367640.0
SHREECEM.EQ-NSE,2022-09-09,24558.0,25550.0,24232.5,24370.0,433549.0
SHREECEM.EQ-NSE,2022-09-12,24599.0,25000.0,23903.1992,24130.0,174312.0
SHREECEM.EQ-NSE,2022-09-13,24428.0,24947.9492,23850.0,23929.0,137151.0
SHREECEM.EQ-NSE,2022-09-14,23702.0508,24299.0,23505.0996,24150.1504,160651.0
SHREECEM.EQ-NSE,2022-09-15,24350.0,24536.3008,23710.0,23830.5508,101929.0
SHREECEM.EQ-NSE,2022-09-16,23950.0,24067.1504,23211.0,23406.0,122409.0
SHREECEM.EQ-NSE,2022-09-19,23400.0508,23735.3008,23011.5,23400.0,74211.0
SHREECEM.EQ-NSE,2022-09-20,23550.0,23722.9492,22813.75,23180.0996,58863.0
SHREECEM.EQ-NSE,2022-09-21,23242.5996,23408.4004,21800.0996,21895.0,135358.0
SHREECEM.EQ-NSE,2022-09-22,21862.4004,22680.0,21523.8008,21750.0,174715.0
SHREECEM.EQ-NSE,2022-09-23,21800.0,21999.0,21151.1504,21201.0,85385.0
SHREECEM.EQ-NSE,2022-09-26,21150.0,21350.0,20636.0996,20740.6992,99984.0
SHREECEM.EQ-NSE,2022-09-27,20852.1992,21483.6992,20585.9492,21239.0,129176.0
SHREECEM.EQ-NSE,2022-09-28,21020.0,21150.0,20764.5996,20805.0,78753.0
SHREECEM.EQ-NSE,2022-09-29,20939.9492,21588.0,20660.0996,21575.0,654970.0
SHREECEM.EQ-NSE,2022-09-30,21300.0,21990.0,20832.0,21119.5,217548.0
SHREECEM.EQ-NSE,2022-10-03,21102.0,21219.8008,20611.1992,20705.0,98655.0
SHREECEM.EQ-NSE,2022-10-04,20889.9492,21168.1992,20835.1504,21002.0,58917.0
SHREECEM.EQ-NSE,2022-10-06,21114.75,21446.4492,20924.9492,21270.0,56476.0
SHREECEM.EQ-NSE,2022-10-07,21209.0,21345.0,20910.1992,21270.0,41580.0
SHREECEM.EQ-NSE,2022-10-10,21021.1992,21245.0,20980.25,21155.0,39232.0
SHREECEM.EQ-NSE,2022-10-11,21200.0,21250.0,20721.0,20740.0,47261.0
SHREECEM.EQ-NSE,2022-10-12,20850.0,21097.5,20685.0,21000.0,104042.0
SHREECEM.EQ-NSE,2022-10-13,20870.0,21131.6504,20740.6504,21020.0,63477.0
SHREECEM.EQ-NSE,2022-10-14,21349.9004,21499.0,20971.0508,21140.0,63143.0
SHREECEM.EQ-NSE,2022-10-17,20799.9492,20990.0,20150.0,20810.0,178627.0
SHREECEM.EQ-NSE,2022-10-18,20810.0,21190.0,20765.0,21003.0,73909.0
SHREECEM.EQ-NSE,2022-10-19,21003.0,21475.0508,21003.0,21345.0,62381.0
SHREECEM.EQ-NSE,2022-10-20,21278.8008,22090.0,21107.5508,21940.0,69152.0
SHREECEM.EQ-NSE,2022-10-21,21940.0,22198.3008,20852.25,20948.0,108141.0
SHREECEM.EQ-NSE,2022-10-25,21100.0,21350.0,20998.3496,21250.1992,93418.0
SHREECEM.EQ-NSE,2022-10-27,21359.9492,21585.0,21201.0996,21537.0,52422.0
SHREECEM.EQ-NSE,2022-10-28,21599.9492,21820.0,21361.5,21750.0,42002.0
SHREECEM.EQ-NSE,2022-10-31,21760.5,22800.0,21760.5,22736.0,74934.0
SHREECEM.EQ-NSE,2022-11-01,23000.0,23000.0,22400.0,22642.6504,48351.0
SHREECEM.EQ-NSE,2022-11-02,22700.0,22941.0,22230.1992,22330.0,78393.0
SHREECEM.EQ-NSE,2022-11-03,22300.0,23037.1992,22230.5508,22723.25,129005.0
SHREECEM.EQ-NSE,2022-11-04,22721.0,22999.0,22638.8008,22838.4492,49726.0
SHREECEM.EQ-NSE,2022-11-07,22953.8008,23495.0,22935.1992,23250.0,49844.0
SHREECEM.EQ-NSE,2022-11-09,23498.0,23676.9004,22935.3496,22990.0,57657.0
SHREECEM.EQ-NSE,2022-11-10,23000.0,23072.9004,22303.0,22424.75,34015.0
SHREECEM.EQ-NSE,2022-11-11,22530.0,23092.25,22530.0,22757.25,45175.0
SHREECEM.EQ-NSE,2022-11-14,22822.0,23200.0,22800.0,22992.4004,27759.0
SHREECEM.EQ-NSE,2022-11-15,23036.1992,23289.9004,22991.0,23250.0,38511.0
SHREECEM.EQ-NSE,2022-11-16,23140.0,23391.9492,23080.8496,23180.0,31141.0
SHREECEM.EQ-NSE,2022-11-17,23200.0,23325.0,23087.75,23149.9492,29862.0
SHREECEM.EQ-NSE,2022-11-18,23350.0,23350.0,22810.0,23165.0,39016.0
SHREECEM.EQ-NSE,2022-11-21,23050.0,23286.0996,23018.0,23158.0,21888.0
SHREECEM.EQ-NSE,2022-11-22,23230.0,23387.9492,23152.0,23210.0,26153.0
SHREECEM.EQ-NSE,2022-11-23,23369.9004,23370.0,23160.1992,23275.0,22962.0
SHREECEM.EQ-NSE,2022-11-24,23359.9492,23363.0,23036.0,23250.0,33281.0
SHREECEM.EQ-NSE,2022-11-25,23250.0,23266.1992,22900.0,23250.0,44068.0
SHREECEM.EQ-NSE,2022-11-28,23200.0,23460.0,23120.1992,23460.0,22637.0
SHREECEM.EQ-NSE,2022-11-29,23420.0,23525.0,23137.75,23230.0,31088.0
SHREECEM.EQ-NSE,2022-11-30,23317.8496,24017.0,23217.5,23738.9004,46469.0
SHREECEM.EQ-NSE,2022-12-01,23879.75,24100.0,23670.0,24000.0,36915.0
SHREECEM.EQ-NSE,2022-12-02,23999.9004,24162.0,23510.0,24050.0,28400.0
SHREECEM.EQ-NSE,2022-12-05,24090.0508,24110.0,23688.8496,23720.0,23132.0
SHREECEM.EQ-NSE,2022-12-06,23714.9492,24071.9492,23550.0,24000.0,29395.0
SHREECEM.EQ-NSE,2022-12-07,23970.0,24439.0996,23828.1992,24231.0,44507.0
SHREECEM.EQ-NSE,2022-12-08,24260.0,24544.9492,24230.9004,24478.0,21437.0
SHREECEM.EQ-NSE,2022-12-09,24500.0,24612.9004,24206.0996,24395.0996,22620.0
SHREECEM.EQ-NSE,2022-12-12,24350.0,24575.0,24200.0,24250.0,26921.0
SHREECEM.EQ-NSE,2022-12-13,24330.0,24421.0,23976.5,24121.1992,28283.0
SHREECEM.EQ-NSE,2022-12-14,24270.0,24435.0,24180.0,24350.0,14984.0
SHREECEM.EQ-NSE,2022-12-15,24340.0,24569.75,24102.6504,24200.0,18708.0
SHREECEM.EQ-NSE,2022-12-16,24199.9492,24329.9492,23633.0,23900.0508,26754.0
SHREECEM.EQ-NSE,2022-12-19,23775.0,23922.5,23566.8008,23799.8008,27394.0
SHREECEM.EQ-NSE,2022-12-20,23810.0,23813.0,23282.0508,23680.0508,32636.0
SHREECEM.EQ-NSE,2022-12-21,23740.0,23940.5996,23440.0,23445.9492,35030.0
SHREECEM.EQ-NSE,2022-12-22,23571.25,23859.5508,23421.4004,23790.0,36724.0
SHREECEM.EQ-NSE,2022-12-23,23676.0508,23689.8496,23170.5508,23251.0508,27442.0
SHREECEM.EQ-NSE,2022-12-26,23297.5508,23850.0,23074.0508,23700.0,15635.0
SHREECEM.EQ-NSE,2022-12-27,23748.0,24222.0,23700.0,24197.3008,14940.0
SHREECEM.EQ-NSE,2022-12-28,24112.0,24442.0,24011.4492,24150.0,25288.0
SHREECEM.EQ-NSE,2022-12-29,24110.0,24150.0,23225.0,23259.9004,90476.0
SHREECEM.EQ-NSE,2022-12-30,23400.0,23420.0,23055.4004,23250.0,56554.0
SHREECEM.EQ-NSE,2023-01-02,23326.0,23519.9492,23139.0,23450.0,23416.0
SHREECEM.EQ-NSE,2023-01-03,23496.9004,23789.6992,23452.0,23750.0,20733.0
SHREECEM.EQ-NSE,2023-01-04,23699.9492,24590.0,23660.0,24050.0,94865.0
SHREECEM.EQ-NSE,2023-01-05,24130.0508,24379.75,23904.6992,24265.0,44796.0
SHREECEM.EQ-NSE,2023-01-06,24250.0,24366.6504,23552.0996,23799.0,28512.0
SHREECEM.EQ-NSE,2023-01-09,23977.8496,24048.0,23663.0,23750.0,17614.0
SHREECEM.EQ-NSE,2023-01-10,23840.0,23900.0,23205.0,23571.6504,31645.0
SHREECEM.EQ-NSE,2023-01-11,23600.0,23771.9492,23250.0,23510.0,19209.0
SHREECEM.EQ-NSE,2023-01-12,23530.0,24000.0,23504.5508,23816.3496,37631.0
SHREECEM.EQ-NSE,2023-01-13,23998.0,24290.25,23750.0,24025.0,42176.0
SHREECEM.EQ-NSE,2023-01-16,24120.0,24280.0,23980.5,24050.0,25239.0
SHREECEM.EQ-NSE,2023-01-17,24000.0,24194.4004,23930.6504,24015.0508,18788.0
SHREECEM.EQ-NSE,2023-01-18,24015.0508,24138.5996,23817.0,24057.5508,22604.0
SHREECEM.EQ-NSE,2023-01-19,24001.0,24480.0,23849.9004,24350.0,28263.0
SHREECEM.EQ-NSE,2023-01-20,24350.0,24773.0,24200.0,24308.3496,44310.0
SHREECEM.EQ-NSE,2023-01-23,24499.9492,24549.5,22945.0,23097.3008,67569.0
SHREECEM.EQ-NSE,2023-01-24,23150.0,23347.6992,22440.0508,22605.0,84420.0
SHREECEM.EQ-NSE,2023-01-25,22650.0,22792.5996,22002.0508,22100.0,47029.0
SHREECEM.EQ-NSE,2023-01-27,22257.5508,22379.9004,21410.0,21725.0,51946.0
SHREECEM.EQ-NSE,2023-01-30,21869.8008,22730.0,21869.8008,22600.0,54118.0
SHREECEM.EQ-NSE,2023-01-31,22704.1992,23743.5996,22704.1992,23690.0508,82511.0
SHREECEM.EQ-NSE,2023-02-01,23740.25,24670.0,23450.0,23860.0,111313.0
SHREECEM.EQ-NSE,2023-02-02,23839.9492,24699.9004,23750.0,24460.0,72934.0
SHREECEM.EQ-NSE,2023-02-03,24475.0508,24742.8008,24270.0,24320.0,54288.0
SHREECEM.EQ-NSE,2023-02-06,24318.9492,24359.9492,24000.0,24000.0,30017.0
SHREECEM.EQ-NSE,2023-02-07,24132.0,24410.0,24025.0,24205.6504,38852.0
SHREECEM.EQ-NSE,2023-02-08,24368.8496,24604.8496,23750.0,24300.0,81734.0
SHREECEM.EQ-NSE,2023-02-09,23960.0508,24150.0,23090.5,23225.0,72475.0
SHREECEM.EQ-NSE,2023-02-10,23250.0,24074.0,22752.0,23830.0508,69941.0
SHREECEM.EQ-NSE,2023-02-13,23970.0,24550.0,23812.4004,24137.8008,77392.0
SHREECEM.EQ-NSE,2023-02-14,24145.8496,24729.0,24061.75,24321.4492,75430.0
SHREECEM.EQ-NSE,2023-02-15,24500.0,25000.0,24290.0508,24950.0,54054.0
SHREECEM.EQ-NSE,2023-02-16,24904.0,25175.0,24830.0,24890.3496,50337.0
SHREECEM.EQ-NSE,2023-02-17,24950.0508,26050.0508,24830.25,25735.0,132148.0
SHREECEM.EQ-NSE,2023-02-20,25555.1504,26925.9492,25540.0,26450.0,187773.0
SHREECEM.EQ-NSE,2023-02-21,26460.0508,27049.0,26317.5,26550.0,127906.0
SHREECEM.EQ-NSE,2023-02-22,26499.9492,26499.9492,25875.0,26260.9492,93287.0
SHREECEM.EQ-NSE,2023-02-23,26214.9492,26499.1504,25588.0,25735.0,78823.0
SHREECEM.EQ-NSE,2023-02-24,25762.8496,25875.0,25200.0,25327.0,31533.0
SHREECEM.EQ-NSE,2023-02-27,25350.0,26004.9004,24880.0,25740.9004,38162.0
SHREECEM.EQ-NSE,2023-02-28,25780.0508,26214.0,25621.0,25780.0,63074.0
SHREECEM.EQ-NSE,2023-03-01,25910.0,26420.0,25899.9492,26220.0,29198.0
SHREECEM.EQ-NSE,2023-03-02,26299.9492,26789.0,26159.0,26670.0,45867.0
SHREECEM.EQ-NSE,2023-03-03,26499.0,26614.5508,25450.0508,25830.0,93728.0
SHREECEM.EQ-NSE,2023-03-06,25768.9492,25892.8008,25210.0,25470.1992,64241.0
SHREECEM.EQ-NSE,2023-03-08,25400.0,26147.9004,25370.0,25950.0,36523.0
SHREECEM.EQ-NSE,2023-03-09,26100.0,26449.9004,25505.0,25620.0,45743.0
SHREECEM.EQ-NSE,2023-03-10,25400.0,26663.8496,25150.0,26000.0,67318.0
SHREECEM.EQ-NSE,2023-03-13,26030.0996,26151.0,25502.0,25700.0,36199.0
SHREECEM.EQ-NSE,2023-03-14,25766.9492,25799.3008,25060.0508,25163.0,49983.0
SHREECEM.EQ-NSE,2023-03-15,25400.0,25550.6504,25194.5508,25315.3008,36813.0
SHREECEM.EQ-NSE,2023-03-16,25399.0,25648.4004,25034.9492,25410.0996,40463.0
SHREECEM.EQ-NSE,2023-03-17,25472.9492,25600.0,25059.0,25130.0,41199.0
SHREECEM.EQ-NSE,2023-03-20,25327.1504,25378.1504,24751.5996,25000.0,35356.0
SHREECEM.EQ-NSE,2023-03-21,25190.0,25190.0,24878.0508,25169.0996,29446.0
SHREECEM.EQ-NSE,2023-03-22,25227.4004,25700.0,25108.1992,25357.4492,52188.0
SHREECEM.EQ-NSE,2023-03-23,25400.0508,25638.1504,25222.0,25430.0,27893.0
SHREECEM.EQ-NSE,2023-03-24,25400.0,25590.0,25110.5996,25475.0,35198.0
SHREECEM.EQ-NSE,2023-03-27,25450.0,25805.9004,25331.5996,25500.0,37629.0
SHREECEM.EQ-NSE,2023-03-28,25560.0508,25582.3496,25127.5996,25147.0508,23151.0
SHREECEM.EQ-NSE,2023-03-29,25192.9004,26014.1992,25031.0,25901.0,41230.0
SHREECEM.EQ-NSE,2023-03-31,25835.0508,26425.0,25750.3496,26000.0,42011.0
SHREECEM.EQ-NSE,2023-04-03,26250.0508,26385.0,25830.0,26250.0,39013.0
SHREECEM.EQ-NSE,2023-04-05,26205.0,26599.9004,26150.0,26400.0,21382.0
SHREECEM.EQ-NSE,2023-04-06,26400.0508,26572.4492,26002.6504,26132.0,18251.0
SHREECEM.EQ-NSE,2023-04-10,26125.0996,26475.9492,25917.6504,25950.0,28643.0
SHREECEM.EQ-NSE,2023-04-11,26100.0,26352.0,26000.0,26210.1992,45791.0
SHREECEM.EQ-NSE,2023-04-12,26201.3496,26484.0,26048.25,26075.0,24971.0
SHREECEM.EQ-NSE,2023-04-13,26199.9492,26199.9492,25775.25,25822.0,27512.0
SHREECEM.EQ-NSE,2023-04-17,25822.0508,26100.0,25451.0,25550.0,19881.0
SHREECEM.EQ-NSE,2023-04-18,25600.0,26046.8496,25215.0996,25215.0996,31107.0
SHREECEM.EQ-NSE,2023-04-19,25345.0996,25460.0,24675.0,24720.0,20837.0
SHREECEM.EQ-NSE,2023-04-20,24824.9492,24898.8496,24175.9492,24250.0,37175.0
SHREECEM.EQ-NSE,2023-04-21,24260.0996,24349.0,23830.0508,23915.0,21777.0
SHREECEM.EQ-NSE,2023-04-24,24048.1992,24090.0,23550.0,23950.0,29748.0
SHREECEM.EQ-NSE,2023-04-25,23950.0,24184.25,23856.6504,24132.8008,45175.0
SHREECEM.EQ-NSE,2023-04-26,23999.9492,24269.9492,23700.0,23921.6992,35649.0
SHREECEM.EQ-NSE,2023-04-27,24039.0,24061.0,23552.5,23759.9492,31503.0
SHREECEM.EQ-NSE,2023-04-28,23848.0,24400.0,23674.0,24106.5996,33936.0
SHREECEM.EQ-NSE,2023-05-02,24334.4492,24400.0,23957.0508,24130.0,34617.0
SHREECEM.EQ-NSE,2023-05-03,24130.0508,24325.0,23951.1992,24290.0,28171.0
SHREECEM.EQ-NSE,2023-05-04,24250.0,24566.9492,24120.0,24436.0,22724.0
SHREECEM.EQ-NSE,2023-05-05,24399.9492,24620.0,24300.0,24500.0,26745.0
SHREECEM.EQ-NSE,2023-05-08,24520.0,24710.0,24520.0,24572.4492,16384.0
SHREECEM.EQ-NSE,2023-05-09,24621.0,24741.3008,24068.9492,24150.0,23523.0
SHREECEM.EQ-NSE,2023-05-10,24275.6992,24472.8496,24116.25,24470.0,14144.0
SHREECEM.EQ-NSE,2023-05-11,24400.0,24935.0,24400.0,24880.0,19203.0
SHREECEM.EQ-NSE,2023-05-12,24699.6992,24924.0,24210.0508,24820.0508,39763.0
SHREECEM.EQ-NSE,2023-05-15,24750.8496,25050.0,24444.5508,24555.0,19313.0
SHREECEM.EQ-NSE,2023-05-16,24591.9492,24748.8496,24335.0996,24370.0,12000.0
SHREECEM.EQ-NSE,2023-05-17,24400.1992,24848.9492,24350.0,24442.0,28256.0
SHREECEM.EQ-NSE,2023-05-18,24510.0,24669.9492,23900.0,23945.0,17366.0
SHREECEM.EQ-NSE,2023-05-19,24075.6992,24498.0,23727.5996,24327.1992,29764.0
SHREECEM.EQ-NSE,2023-05-22,24250.0,24916.25,24234.1992,24540.0,33864.0
SHREECEM.EQ-NSE,2023-05-23,24430.0,25450.0,24410.0,24715.0,64114.0
SHREECEM.EQ-NSE,2023-05-24,24666.0,24700.0,23705.75,24030.0,76094.0
SHREECEM.EQ-NSE,2023-05-25,24031.8008,24300.0,23840.0,24200.0,37369.0
SHREECEM.EQ-NSE,2023-05-26,24270.0508,25086.6992,24178.0,25025.0,48692.0
SHREECEM.EQ-NSE,2023-05-29,25060.0508,25469.5,24992.4004,25228.4004,32842.0
SHREECEM.EQ-NSE,2023-05-30,25200.0,25885.0,25116.0508,25537.6504,54864.0
SHREECEM.EQ-NSE,2023-05-31,25525.0,25590.0,24988.1504,25300.0,208213.0
SHREECEM.EQ-NSE,2023-06-02,25300.0,25300.0508,24969.9492,25071.0,43620.0
SHREECEM.EQ-NSE,2023-06-05,25168.9492,25298.0,24707.6504,24880.0,37617.0
SHREECEM.EQ-NSE,2023-06-06,24950.0,25857.9492,24777.0508,25755.0,77217.0
SHREECEM.EQ-NSE,2023-06-07,25795.0,25865.5508,25515.25,25850.0,39708.0
SHREECEM.EQ-NSE,2023-06-08,25799.9492,26137.9004,25560.6504,25610.1504,36750.0
SHREECEM.EQ-NSE,2023-06-09,25766.5,25948.0,25370.6504,25425.0,21358.0
SHREECEM.EQ-NSE,2023-06-12,25550.0,25749.8008,25380.5508,25740.0,17501.0
SHREECEM.EQ-NSE,2023-06-13,25859.0,26220.0,25750.3496,26099.9492,33978.0
SHREECEM.EQ-NSE,2023-06-14,26200.0,26389.9492,26085.8008,26250.0,26821.0
SHREECEM.EQ-NSE,2023-06-15,26160.0,26283.9004,26015.9492,26170.0,23803.0
SHREECEM.EQ-NSE,2023-06-16,26170.0,26400.0,26110.0508,26190.0,31619.0
SHREECEM.EQ-NSE,2023-06-19,26419.8008,26580.0,25815.1504,25902.0,33766.0
SHREECEM.EQ-NSE,2023-06-20,25949.9492,26188.8008,25740.0,25855.0,17997.0
SHREECEM.EQ-NSE,2023-06-21,25950.0,26144.6504,25248.3008,25780.0,62249.0
SHREECEM.EQ-NSE,2023-06-22,25650.0,25975.0,25515.0508,25600.0,35250.0
SHREECEM.EQ-NSE,2023-06-23,25650.0508,25650.0508,25066.0,25159.5508,25721.0
SHREECEM.EQ-NSE,2023-06-26,23101.0,24145.0,22605.5996,23740.0,436151.0
SHREECEM.EQ-NSE,2023-06-27,24000.0,24276.5,23640.3008,24014.8496,154524.0
SHREECEM.EQ-NSE,2023-06-28,24050.0508,24299.9492,23827.6992,24050.0,71352.0
SHREECEM.EQ-NSE,2023-06-30,24100.0,24210.0,23850.0,23881.0,46623.0
SHREECEM.EQ-NSE,2023-07-03,24210.0,24210.0,23950.0,24125.0,29603.0
SHREECEM.EQ-NSE,2023-07-04,24131.0,24198.9004,23970.0508,24140.0,17265.0
SHREECEM.EQ-NSE,2023-07-05,24050.0,24559.8008,24003.5996,24502.0,43233.0
SHREECEM.EQ-NSE,2023-07-06,24550.0,24550.0,24180.0,24200.0,22170.0
SHREECEM.EQ-NSE,2023-07-07,24240.0,24267.5508,23722.8496,23920.0,34962.0
SHREECEM.EQ-NSE,2023-07-10,23900.0,24091.0,23755.0508,23997.0,24373.0
SHREECEM.EQ-NSE,2023-07-11,24091.0,24346.8008,23560.9004,23950.0,105516.0
SHREECEM.EQ-NSE,2023-07-12,23820.0,24340.5,23726.0,24180.0,62706.0
SHREECEM.EQ-NSE,2023-07-13,24315.0508,24511.9004,24015.0,24097.4492,32029.0
SHREECEM.EQ-NSE,2023-07-14,24001.4004,24405.0,24001.4004,24387.0,20701.0
SHREECEM.EQ-NSE,2023-07-17,24425.0,24527.3496,24070.0,24100.0,36236.0
SHREECEM.EQ-NSE,2023-07-18,24199.4004,24253.75,23450.9004,23949.1992,17077.0
SHREECEM.EQ-NSE,2023-07-19,24050.0,24124.9004,23905.9492,24030.0508,29472.0
SHREECEM.EQ-NSE,2023-07-20,23700.0,23745.75,23350.0,23365.0,100523.0
SHREECEM.EQ-NSE,2023-07-21,23400.0,23459.0508,23026.0,23123.0,37770.0
SHREECEM.EQ-NSE,2023-07-24,23200.0508,23322.3008,23090.1992,23225.0,35906.0
SHREECEM.EQ-NSE,2023-07-25,23237.0508,23709.9492,23200.0,23708.0,32067.0
SHREECEM.EQ-NSE,2023-07-26,23850.0,24340.0,23564.4004,24235.0,87260.0
SHREECEM.EQ-NSE,2023-07-27,24254.5,24314.3496,23764.6504,23900.0,36551.0
SHREECEM.EQ-NSE,2023-07-28,24069.8496,24184.8496,23873.5508,24059.0,22840.0
SHREECEM.EQ-NSE,2023-07-31,23970.0,24299.0,23900.1504,24131.5996,30349.0
SHREECEM.EQ-NSE,2023-08-02,24100.0,24100.0,23905.0,24000.0,34117.0
SHREECEM.EQ-NSE,2023-08-03,24035.0,24223.75,23860.4004,24100.0,24549.0
SHREECEM.EQ-NSE,2023-08-04,24200.0,24286.0,24102.5,24200.0,18574.0
SHREECEM.EQ-NSE,2023-08-07,24323.3008,24397.0,24042.8496,24209.9492,8847.0
SHREECEM.EQ-NSE,2023-08-08,24300.0,24377.5,24120.15,24259.85,20046.0
SHREECEM.EQ-NSE,2023-08-09,24350.0,24372.0,24012.0,24199.7,30432.0
SHREECEM.EQ-NSE,2023-08-10,24200.1,24395.0,23926.95,24130.05,37903.0
SHREECEM.EQ-NSE,2023-08-11,24179.15,24280.0,24051.1,24170.0,12901.0
SHREECEM.EQ-NSE,2023-08-14,24101.0,24129.75,23651.0,23684.2,16279.0
SHREECEM.EQ-NSE,2023-08-16,23690.0,23973.65,23506.05,23860.35,17782.0
SHREECEM.EQ-NSE,2023-08-17,23960.0,24038.75,23720.15,23840.0,22941.0
SHREECEM.EQ-NSE,2023-08-18,23811.0,23844.95,23451.0,23545.0,19858.0
SHREECEM.EQ-NSE,2023-08-21,23669.95,23775.0,23524.25,23605.0,24001.0
SHREECEM.EQ-NSE,2023-08-22,23730.0,23932.9,23658.3,23800.0,16676.0
SHREECEM.EQ-NSE,2023-08-23,23869.7,24290.0,23625.0,23650.0,40274.0
SHREECEM.EQ-NSE,2023-08-24,23749.95,23920.0,23598.05,23860.0,48650.0
SHREECEM.EQ-NSE,2023-08-25,23820.0,23898.9,23611.0,23850.0,21989.0
SHREECEM.EQ-NSE,2023-08-28,23949.0,24094.0,23752.4,24008.0,13891.0
SHREECEM.EQ-NSE,2023-08-29,24024.0,24167.95,24008.0,24101.65,15322.0
SHREECEM.EQ-NSE,2023-08-30,24150.0,24325.0,23966.0,24001.0,17032.0
SHREECEM.EQ-NSE,2023-08-31,24051.0,24100.0,23795.0,23840.0,61926.0
SHREECEM.EQ-NSE,2023-09-01,23830.0,24179.5,23820.0,24140.0,27413.0
SHREECEM.EQ-NSE,2023-09-04,24590.0,25793.7,24449.0,25619.0,119304.0
SHREECEM.EQ-NSE,2023-09-05,25700.0,25838.3,25400.0,25663.1,41937.0
SHREECEM.EQ-NSE,2023-09-06,25700.0,25819.65,25500.0,25700.0,37279.0
SHREECEM.EQ-NSE,2023-09-07,25640.0,25795.0,25494.05,25630.0,22669.0
SHREECEM.EQ-NSE,2023-09-08,25700.0,26049.2,25650.0,25905.0,30009.0
SHREECEM.EQ-NSE,2023-09-11,25970.0,26054.25,25710.0,25797.0,20812.0
SHREECEM.EQ-NSE,2023-09-12,25949.9,26197.95,25505.65,26009.3,46576.0
SHREECEM.EQ-NSE,2023-09-13,25902.0,26328.8,25850.0,26200.0,40309.0
SHREECEM.EQ-NSE,2023-09-14,26200.0,26501.0,26150.4,26498.45,88963.0
SHREECEM.EQ-NSE,2023-09-15,26400.0,27117.95,26162.0,26760.0,57876.0
SHREECEM.EQ-NSE,2023-09-18,26675.35,26822.6,26306.0,26419.7,20555.0
SHREECEM.EQ-NSE,2023-09-20,26349.95,26493.65,26050.0,26249.95,28131.0
SHREECEM.EQ-NSE,2023-09-21,26100.0,26499.95,25950.0,26270.55,29874.0
SHREECEM.EQ-NSE,2023-09-22,26255.0,26442.25,25820.0,25970.1,50272.0
SHREECEM.EQ-NSE,2023-09-25,25939.7,26053.95,25780.05,25891.0,25519.0
SHREECEM.EQ-NSE,2023-09-26,25915.0,26243.85,25915.0,26026.0,15228.0
SHREECEM.EQ-NSE,2023-09-27,26085.0,26518.9,25900.0,26506.55,16808.0
SHREECEM.EQ-NSE,2023-09-28,26506.0,26543.0,25551.25,25633.65,46892.0
SHREECEM.EQ-NSE,2023-09-29,25799.0,25800.0,25342.55,25450.0,22808.0
SHREECEM.EQ-NSE,2023-10-03,25499.9,25696.6,25309.1,25648.5,14992.0
SHREECEM.EQ-NSE,2023-10-04,25590.0,25624.9,25313.95,25460.0,16317.0
SHREECEM.EQ-NSE,2023-10-05,25500.0,25940.0,25437.55,25860.0,26035.0
SHREECEM.EQ-NSE,2023-10-06,25899.7,25899.7,25552.05,25800.0,9700.0
SHREECEM.EQ-NSE,2023-10-09,25649.05,25774.7,25501.0,25774.7,6134.0
SHREECEM.EQ-NSE,2023-10-10,25750.05,26222.0,25750.05,26221.95,11971.0
SHREECEM.EQ-NSE,2023-10-11,26227.95,26920.0,26200.0,26570.0,31501.0
SHREECEM.EQ-NSE,2023-10-12,26675.0,26795.0,26428.5,26553.45,21583.0
SHREECEM.EQ-NSE,2023-10-13,26455.0,26899.45,26455.0,26851.0,14488.0
SHREECEM.EQ-NSE,2023-10-16,26850.0,27298.95,26576.8,26605.25,28763.0
SHREECEM.EQ-NSE,2023-10-17,26710.05,26875.0,26528.1,26598.05,22537.0
SHREECEM.EQ-NSE,2023-10-18,26700.05,26915.3,26517.0,26666.8,21199.0
SHREECEM.EQ-NSE,2023-10-19,26560.0,26599.95,26000.0,26270.0,26692.0
SHREECEM.EQ-NSE,2023-10-20,26297.45,26399.85,25900.0,26125.0,22799.0
SHREECEM.EQ-NSE,2023-10-23,26025.0,26199.5,25560.55,25648.95,16692.0
SHREECEM.EQ-NSE,2023-10-25,25649.0,25990.9,25447.3,25475.0,39909.0
SHREECEM.EQ-NSE,2023-10-26,25680.0,25899.9,25375.85,25375.85,56779.0
SHREECEM.EQ-NSE,2023-10-27,25431.6,25682.25,25309.0,25570.25,19096.0
SHREECEM.EQ-NSE,2023-10-30,25699.9,25998.0,25361.05,25930.7,25502.0
SHREECEM.EQ-NSE,2023-10-31,25930.7,26081.45,25551.05,25734.0,22304.0
SHREECEM.EQ-NSE,2023-11-01,25772.3,25790.0,25326.15,25326.15,12973.0
SHREECEM.EQ-NSE,2023-11-02,25500.0,25950.0,25426.45,25751.0,15028.0
SHREECEM.EQ-NSE,2023-11-03,25999.0,26145.0,25880.0,26000.0,7450.0
SHREECEM.EQ-NSE,2023-11-06,26026.0,26494.4,25999.6,26389.15,20369.0
SHREECEM.EQ-NSE,2023-11-07,26487.95,26750.0,26320.0,26613.25,17175.0
SHREECEM.EQ-NSE,2023-11-08,26669.05,26701.85,26200.05,26275.0,28440.0
SHREECEM.EQ-NSE,2023-11-09,26399.9,26399.9,25885.35,25975.5,23357.0
SHREECEM.EQ-NSE,2023-11-10,25960.5,26471.95,25758.05,26301.0,41960.0
SHREECEM.EQ-NSE,2023-11-13,26300.0,26345.25,26075.25,26196.0,10642.0
SHREECEM.EQ-NSE,2023-11-15,26305.0,26399.95,26145.2,26170.2,15797.0
SHREECEM.EQ-NSE,2023-11-16,26200.0,26275.0,25966.95,26119.55,16295.0
SHREECEM.EQ-NSE,2023-11-17,26200.0,26480.0,26068.05,26200.0,18638.0
SHREECEM.EQ-NSE,2023-11-20,26199.8,26315.0,25905.05,25980.0,19769.0
SHREECEM.EQ-NSE,2023-11-21,26003.0,26195.4,25856.95,25954.9,12021.0
SHREECEM.EQ-NSE,2023-11-22,25930.35,26100.0,25880.05,26000.0,39407.0
SHREECEM.EQ-NSE,2023-11-23,26100.0,26100.0,25869.6,25898.05,57460.0
SHREECEM.EQ-NSE,2023-11-24,25922.2,26046.85,25600.0,25600.0,13596.0
SHREECEM.EQ-NSE,2023-11-28,25615.0,26331.0,25600.0,26078.0,16523.0
SHREECEM.EQ-NSE,2023-11-29,26242.1,26242.1,25916.05,26080.0,15617.0
SHREECEM.EQ-NSE,2023-11-30,26243.0,26950.0,26107.0,26922.9,42337.0
SHREECEM.EQ-NSE,2023-12-01,26839.95,27065.45,26625.0,27050.0,16299.0
SHREECEM.EQ-NSE,2023-12-04,27120.15,27915.0,27051.7,27700.0,29213.0
SHREECEM.EQ-NSE,2023-12-05,27749.9,28050.0,27601.0,28000.0,20685.0
SHREECEM.EQ-NSE,2023-12-06,28000.0,28043.45,27613.0,27899.7,14937.0
SHREECEM.EQ-NSE,2023-12-07,27900.0,28149.8,27551.0,28000.1,19040.0
SHREECEM.EQ-NSE,2023-12-08,27880.5,28151.0,27536.05,27678.95,21923.0
SHREECEM.EQ-NSE,2023-12-11,27880.0,28381.6,27742.85,28251.35,22298.0
SHREECEM.EQ-NSE,2023-12-12,28250.0,28800.0,28200.05,28650.0,19543.0
SHREECEM.EQ-NSE,2023-12-13,28507.5,28932.45,28220.05,28420.05,16858.0
SHREECEM.EQ-NSE,2023-12-14,28550.0,28892.0,28465.7,28745.95,32782.0
SHREECEM.EQ-NSE,2023-12-15,28799.0,28997.65,28640.0,28844.85,18437.0
SHREECEM.EQ-NSE,2023-12-18,28789.0,28859.3,28480.0,28500.2,9633.0
SHREECEM.EQ-NSE,2023-12-19,28700.0,28724.65,28407.05,28575.0,11149.0
SHREECEM.EQ-NSE,2023-12-20,28779.9,28779.9,28108.55,28161.8,15111.0
SHREECEM.EQ-NSE,2023-12-21,28005.0,28498.0,27950.0,28140.0,32969.0
SHREECEM.EQ-NSE,2023-12-22,28213.8,28372.35,27905.75,28184.95,21738.0
SHREECEM.EQ-NSE,2023-12-26,28370.0,28860.0,28257.2,28537.8,15454.0
SHREECEM.EQ-NSE,2023-12-27,28599.8,29250.0,28429.9,28699.9,27057.0
SHREECEM.EQ-NSE,2023-12-28,28650.0,28879.85,28501.0,28600.0,9507.0
SHREECEM.EQ-NSE,2023-12-29,28700.0,28901.0,28444.05,28809.15,11739.0
SHREECEM.EQ-NSE,2024-01-01,28750.0,28750.0,28351.0,28370.0,5759.0
SHREECEM.EQ-NSE,2024-01-02,28610.0,28610.0,27950.0,28054.0,16845.0
SHREECEM.EQ-NSE,2024-01-03,28088.55,28435.0,28020.4,28105.05,9011.0
SHREECEM.EQ-NSE,2024-01-04,28440.0,28498.0,28175.0,28340.05,14453.0
SHREECEM.EQ-NSE,2024-01-05,28200.0,28250.05,26931.35,27000.0,78433.0
SHREECEM.EQ-NSE,2024-01-08,26983.05,27600.0,26950.05,27380.0,34057.0
SHREECEM.EQ-NSE,2024-01-09,27501.0,27736.3,27236.3,27260.55,18239.0
SHREECEM.EQ-NSE,2024-01-10,27392.95,27392.95,26800.0,26850.0,14245.0
SHREECEM.EQ-NSE,2024-01-11,26970.0,27140.0,26600.0,26914.0,19723.0
SHREECEM.EQ-NSE,2024-01-12,27027.3,27050.0,26751.0,26900.0,14382.0
SHREECEM.EQ-NSE,2024-01-15,26951.0,26955.05,26725.65,26800.0,11394.0
SHREECEM.EQ-NSE,2024-01-16,26890.0,27348.0,26632.9,27088.8,26735.0
SHREECEM.EQ-NSE,2024-01-17,26959.95,27087.85,26062.0,26101.0,48380.0
SHREECEM.EQ-NSE,2024-01-18,26248.9,26598.0,25650.0,26450.0,28105.0
SHREECEM.EQ-NSE,2024-01-19,26618.95,26780.0,26456.15,26670.0,52519.0
SHREECEM.EQ-NSE,2024-01-20,26799.0,28000.0,26558.65,27431.8,36545.0
SHREECEM.EQ-NSE,2024-01-23,27600.0,28165.0,27414.8,27454.05,38116.0
SHREECEM.EQ-NSE,2024-01-24,27454.0,27859.8,27218.45,27540.5,46943.0
SHREECEM.EQ-NSE,2024-01-25,27699.95,28249.5,27270.45,27949.5,25489.0
SHREECEM.EQ-NSE,2024-01-29,27998.75,28850.0,27921.95,28316.0,35856.0
SHREECEM.EQ-NSE,2024-01-30,28434.95,28700.0,27999.05,28019.0,30797.0
SHREECEM.EQ-NSE,2024-01-31,28100.0,28700.0,28012.35,28410.0,63039.0
SHREECEM.EQ-NSE,2024-02-01,29500.0,30737.75,29202.1,29482.0,174272.0
SHREECEM.EQ-NSE,2024-02-02,29500.0,29699.85,28374.3,28450.0,64348.0
SHREECEM.EQ-NSE,2024-02-05,29000.0,29000.05,26699.2,26950.0,71502.0
SHREECEM.EQ-NSE,2024-02-06,27251.0,27915.0,27231.45,27638.0,58070.0
SHREECEM.EQ-NSE,2024-02-07,27844.9,28207.0,27705.05,28175.0,19790.0
SHREECEM.EQ-NSE,2024-02-08,28125.1,28250.0,27247.85,27450.0,32061.0
SHREECEM.EQ-NSE,2024-02-09,27450.0,27825.0,27200.0,27600.0,25266.0
SHREECEM.EQ-NSE,2024-02-12,27630.1,27709.6,27162.0,27200.0,17053.0
SHREECEM.EQ-NSE,2024-02-13,27299.95,27500.0,26993.85,27270.4,19097.0
SHREECEM.EQ-NSE,2024-02-14,27100.0,27287.3,26777.0,26871.9,22410.0
SHREECEM.EQ-NSE,2024-02-15,27144.9,27144.9,26250.0,26399.0,21510.0
SHREECEM.EQ-NSE,2024-02-16,26540.0,26650.0,26251.5,26299.95,27363.0
SHREECEM.EQ-NSE,2024-02-19,26426.0,26894.4,26258.35,26819.0,23091.0
SHREECEM.EQ-NSE,2024-02-20,26750.0,26799.95,26412.5,26460.0,20365.0
SHREECEM.EQ-NSE,2024-02-21,26690.0,26718.75,26224.0,26340.55,23901.0
SHREECEM.EQ-NSE,2024-02-22,26345.05,26650.0,26207.4,26565.05,18526.0
SHREECEM.EQ-NSE,2024-02-23,26300.65,26779.85,26300.65,26469.8,14214.0
SHREECEM.EQ-NSE,2024-02-26,26340.2,26450.0,25972.6,26026.0,28992.0
SHREECEM.EQ-NSE,2024-02-27,26190.0,26506.9,26100.05,26195.9,21958.0
SHREECEM.EQ-NSE,2024-02-28,26191.3,26289.75,25421.5,25550.0,32858.0
SHREECEM.EQ-NSE,2024-02-29,25724.9,25833.0,25444.1,25452.0,56130.0
SHREECEM.EQ-NSE,2024-03-01,25689.0,25895.95,25504.25,25559.1,18814.0
SHREECEM.EQ-NSE,2024-03-02,25795.0,25795.0,25550.0,25749.0,556.0
SHREECEM.EQ-NSE,2024-03-04,25790.0,25845.8,25420.0,25640.0,29762.0
SHREECEM.EQ-NSE,2024-03-05,25801.1,25801.1,24954.95,25098.4,47311.0
SHREECEM.EQ-NSE,2024-03-06,25009.75,25127.3,24458.0,24885.65,33592.0
SHREECEM.EQ-NSE,2024-03-07,24849.95,25031.9,24585.3,24682.5,73321.0
SHREECEM.EQ-NSE,2024-03-11,24601.05,25358.9,24601.05,25156.95,53253.0
SHREECEM.EQ-NSE,2024-03-12,25359.95,25359.95,24767.5,24950.0,20620.0
SHREECEM.EQ-NSE,2024-03-13,25165.0,25165.0,24247.75,24343.7,35718.0
SHREECEM.EQ-NSE,2024-03-14,24360.35,25043.8,24243.6,24833.05,22932.0
SHREECEM.EQ-NSE,2024-03-15,24934.7,25141.85,24502.65,25023.15,30837.0
SHREECEM.EQ-NSE,2024-03-18,25096.3,25405.35,24950.0,25271.0,92583.0
SHREECEM.EQ-NSE,2024-03-19,25343.2,25448.95,24796.75,25050.0,16822.0
SHREECEM.EQ-NSE,2024-03-20,25189.8,25189.8,24850.0,24850.0,18326.0
SHREECEM.EQ-NSE,2024-03-21,25189.9,25400.0,24927.55,25379.95,17004.0
SHREECEM.EQ-NSE,2024-03-22,25399.0,25489.95,25232.0,25354.0,12711.0
SHREECEM.EQ-NSE,2024-03-26,25474.0,25788.0,25058.35,25600.0,38595.0
SHREECEM.EQ-NSE,2024-03-27,25827.3,26334.05,25750.0,25800.0,27134.0
SHREECEM.EQ-NSE,2024-03-28,26091.0,26091.0,25585.0,25850.0,52542.0
SHREECEM.EQ-NSE,2024-04-01,25850.05,26485.8,25800.0,26400.0,20314.0
SHREECEM.EQ-NSE,2024-04-02,26458.0,26722.6,26032.3,26528.0,41503.0
SHREECEM.EQ-NSE,2024-04-03,26601.0,26743.3,26285.1,26399.95,150753.0
SHREECEM.EQ-NSE,2024-04-04,26469.0,26469.0,25851.0,25970.0,85710.0
SHREECEM.EQ-NSE,2024-04-05,25800.0,25937.95,25699.0,25855.0,39297.0
SHREECEM.EQ-NSE,2024-04-08,26069.2,26249.95,25844.4,26000.0,31818.0
SHREECEM.EQ-NSE,2024-04-09,26199.0,26711.8,25880.1,26000.0,50143.0
SHREECEM.EQ-NSE,2024-04-10,26000.0,26041.95,25551.0,25600.0,24316.0
SHREECEM.EQ-NSE,2024-04-12,25699.0,25861.7,25201.45,25418.95,19754.0
SHREECEM.EQ-NSE,2024-04-15,25316.0,25528.15,25002.0,25384.0,24121.0
SHREECEM.EQ-NSE,2024-04-16,25248.2,25248.2,24798.55,24900.0,12993.0
SHREECEM.EQ-NSE,2024-04-18,25090.0,25099.0,24367.0,24377.85,35788.0
SHREECEM.EQ-NSE,2024-04-19,24390.0,24532.45,23984.05,24350.2,35613.0
SHREECEM.EQ-NSE,2024-04-22,24533.9,24675.0,24356.85,24400.0,25579.0
SHREECEM.EQ-NSE,2024-04-23,24570.0,24570.0,24300.0,24316.0,18872.0
SHREECEM.EQ-NSE,2024-04-24,24500.0,24597.9,24300.0,24360.0,17533.0
SHREECEM.EQ-NSE,2024-04-25,24451.0,24500.0,23780.0,24029.2,48292.0
SHREECEM.EQ-NSE,2024-04-26,24040.0,24295.0,23951.0,24040.1,15710.0
SHREECEM.EQ-NSE,2024-04-29,24250.25,24295.9,24050.0,24140.0,25272.0
SHREECEM.EQ-NSE,2024-04-30,24175.0,25024.95,24175.0,24458.0,74519.0
SHREECEM.EQ-NSE,2024-05-02,24499.95,25372.55,24472.15,24817.0,98198.0
SHREECEM.EQ-NSE,2024-05-03,25000.0,25895.8,24927.9,25729.3,221844.0
SHREECEM.EQ-NSE,2024-05-06,26100.0,26561.65,25105.0,25458.35,51841.0
SHREECEM.EQ-NSE,2024-05-07,25575.0,25882.55,25054.85,25400.0,36812.0
SHREECEM.EQ-NSE,2024-05-08,25444.2,25742.8,25160.5,25660.4,31954.0
SHREECEM.EQ-NSE,2024-05-09,25700.65,25720.0,25420.8,25510.0,31751.0
SHREECEM.EQ-NSE,2024-05-10,25600.0,25833.1,25377.0,25680.0,24365.0
SHREECEM.EQ-NSE,2024-05-13,25798.55,26124.0,25592.05,26055.0,55302.0
SHREECEM.EQ-NSE,2024-05-14,26050.0,26436.95,25630.0,25956.05,84458.0
SHREECEM.EQ-NSE,2024-05-16,26097.4,26225.0,25505.0,25710.05,51247.0
SHREECEM.EQ-NSE,2024-05-17,25710.05,26343.4,25466.25,26300.0,32223.0
SHREECEM.EQ-NSE,2024-05-18,26299.95,26350.85,26013.1,26144.55,3177.0
SHREECEM.EQ-NSE,2024-05-21,26120.0,26300.0,25640.25,25867.0,55402.0
SHREECEM.EQ-NSE,2024-05-22,25950.0,25950.0,25520.4,25606.3,37469.0
SHREECEM.EQ-NSE,2024-05-23,25851.0,25851.0,25425.05,25600.7,73090.0
SHREECEM.EQ-NSE,2024-05-24,25650.1,25750.1,25405.0,25413.0,30376.0
SHREECEM.EQ-NSE,2024-05-27,25500.0,25500.0,25255.1,25417.0,43242.0
SHREECEM.EQ-NSE,2024-05-28,25489.95,25725.05,25412.75,25610.0,19032.0
SHREECEM.EQ-NSE,2024-05-29,25452.0,25500.0,25185.35,25317.0,39923.0
SHREECEM.EQ-NSE,2024-05-30,25322.25,25322.25,24700.1,25070.0,40433.0
SHREECEM.EQ-NSE,2024-05-31,25227.3,25425.0,24604.45,24638.4,75742.0
SHREECEM.EQ-NSE,2024-06-03,25200.0,25625.3,25088.1,25396.65,42201.0
SHREECEM.EQ-NSE,2024-06-04,25350.0,25350.1,23700.0,24801.1,77395.0
SHREECEM.EQ-NSE,2024-06-05,25194.95,25600.0,24862.0,25360.25,24615.0
SHREECEM.EQ-NSE,2024-06-06,25555.0,25799.0,25435.0,25546.0,32683.0
SHREECEM.EQ-NSE,2024-06-07,25700.0,26250.0,25511.2,26057.5,77513.0
SHREECEM.EQ-NSE,2024-06-10,26296.0,27450.0,26078.0,27166.15,68193.0
SHREECEM.EQ-NSE,2024-06-11,27239.7,27290.0,26816.7,27099.9,41866.0
SHREECEM.EQ-NSE,2024-06-12,26890.1,27720.5,26890.1,27500.0,44979.0
SHREECEM.EQ-NSE,2024-06-13,27504.0,27625.0,27186.4,27477.7,29966.0
SHREECEM.EQ-NSE,2024-06-14,27491.0,28025.0,27421.45,27459.05,74620.0
SHREECEM.EQ-NSE,2024-06-18,27682.0,27699.9,27263.25,27548.95,57224.0
SHREECEM.EQ-NSE,2024-06-19,27480.0,27757.05,27086.2,27420.0,71460.0
SHREECEM.EQ-NSE,2024-06-20,27490.0,27766.9,27343.85,27582.0,30645.0
SHREECEM.EQ-NSE,2024-06-21,27850.0,27850.0,27223.55,27280.15,59047.0
SHREECEM.EQ-NSE,2024-06-24,27400.05,27542.85,27086.25,27333.2,34949.0
SHREECEM.EQ-NSE,2024-06-25,27400.0,27581.0,27107.65,27135.7,40713.0
SHREECEM.EQ-NSE,2024-06-26,27155.0,28191.0,27086.25,27500.0,58925.0
SHREECEM.EQ-NSE,2024-06-27,27480.0,28242.0,27479.7,28098.95,65365.0
SHREECEM.EQ-NSE,2024-06-28,27850.0,28132.4,27711.1,27870.0,38614.0
SHREECEM.EQ-NSE,2024-07-01,27994.0,28614.95,27750.0,28250.0,59350.0
SHREECEM.EQ-NSE,2024-07-02,28353.4,28527.3,27607.65,27626.0,42516.0
SHREECEM.EQ-NSE,2024-07-03,27899.0,27899.0,27285.9,27421.0,68890.0
SHREECEM.EQ-NSE,2024-07-04,27548.0,27554.9,27170.0,27523.0,40849.0
SHREECEM.EQ-NSE,2024-07-05,27445.0,27573.9,27297.6,27416.8,16956.0
SHREECEM.EQ-NSE,2024-07-08,27510.0,27549.6,26951.95,27179.3,21058.0
SHREECEM.EQ-NSE,2024-07-09,27340.0,27850.0,27207.0,27800.0,32653.0
SHREECEM.EQ-NSE,2024-07-10,27776.3,27967.95,27324.3,27877.8,42280.0
SHREECEM.EQ-NSE,2024-07-11,27877.8,28001.0,27600.2,27790.0,14646.0
SHREECEM.EQ-NSE,2024-07-12,27791.0,27885.0,27466.0,27670.0,17752.0
SHREECEM.EQ-NSE,2024-07-15,27555.0,27835.7,26811.05,27665.95,65381.0
SHREECEM.EQ-NSE,2024-07-16,27747.0,28683.2,27647.45,27850.0,99511.0
SHREECEM.EQ-NSE,2024-07-18,27800.0,28197.0,27672.2,28080.0,30729.0
SHREECEM.EQ-NSE,2024-07-19,27852.0,27998.1,27107.95,27264.8,46732.0
SHREECEM.EQ-NSE,2024-07-22,27207.1,27993.0,27001.0,27991.0,30451.0
SHREECEM.EQ-NSE,2024-07-24,27971.0,28099.9,27251.15,27441.05,40228.0
SHREECEM.EQ-NSE,2024-07-25,27499.95,27587.45,27200.0,27402.35,20754.0
